status,ok,latency_ms,error
201,true,249.331,""
201,true,27.719,""
201,true,13.713,""
201,true,15.070,""
201,true,11.784,""
201,true,12.494,""
201,true,11.118,""
201,true,9.186,""
201,true,9.370,""
201,true,10.086,""
201,true,8.139,""
201,true,9.173,""
201,true,11.303,""
201,true,9.034,""
201,true,10.919,""
201,true,48.433,""
201,true,23.853,""
201,true,27.340,""
201,true,12.091,""
201,true,10.610,""
201,true,11.107,""
201,true,9.071,""
201,true,12.163,""
201,true,10.180,""
201,true,13.934,""
201,true,14.996,""
201,true,11.420,""
201,true,10.835,""
201,true,9.530,""
201,true,11.961,""
201,true,10.251,""
201,true,10.432,""
201,true,9.711,""
201,true,10.470,""
201,true,10.195,""
201,true,12.985,""
201,true,14.463,""
201,true,9.390,""
201,true,11.205,""
201,true,11.661,""
201,true,12.717,""
201,true,11.355,""
201,true,10.592,""
201,true,12.565,""
201,true,11.532,""
201,true,18.078,""
201,true,10.056,""
201,true,9.390,""
201,true,8.538,""
201,true,8.453,""
201,true,8.791,""
201,true,12.093,""
201,true,12.941,""
201,true,8.890,""
201,true,8.563,""
201,true,7.514,""
201,true,9.054,""
201,true,9.157,""
201,true,9.546,""
201,true,9.172,""
201,true,8.149,""
201,true,7.978,""
201,true,8.793,""
201,true,12.176,""
201,true,8.964,""
201,true,8.150,""
201,true,7.415,""
201,true,9.293,""
201,true,9.380,""
201,true,8.591,""
201,true,8.275,""
201,true,8.310,""
201,true,7.837,""
201,true,8.985,""
201,true,7.225,""
201,true,7.568,""
201,true,9.305,""
201,true,7.514,""
201,true,8.098,""
201,true,7.962,""
201,true,7.800,""
201,true,7.664,""
201,true,8.866,""
201,true,11.513,""
201,true,8.807,""
201,true,8.823,""
201,true,9.087,""
201,true,9.049,""
201,true,8.503,""
201,true,8.328,""
201,true,8.186,""
201,true,9.234,""
201,true,9.421,""
201,true,18.114,""
201,true,11.365,""
201,true,9.804,""
201,true,8.673,""
201,true,10.136,""
201,true,9.573,""
201,true,8.158,""
201,true,8.438,""
201,true,8.514,""
201,true,9.124,""
201,true,16.879,""
201,true,13.991,""
201,true,8.530,""
201,true,7.667,""
201,true,7.175,""
201,true,7.836,""
201,true,10.266,""
201,true,8.813,""
201,true,8.550,""
201,true,7.883,""
201,true,8.269,""
201,true,8.519,""
201,true,8.504,""
201,true,10.271,""
201,true,6.872,""
201,true,8.147,""
201,true,7.686,""
201,true,9.938,""
201,true,9.913,""
201,true,10.041,""
201,true,10.884,""
201,true,10.882,""
201,true,19.064,""
201,true,9.538,""
201,true,9.104,""
201,true,8.351,""
201,true,11.161,""
201,true,12.109,""
201,true,10.437,""
201,true,12.240,""
201,true,10.921,""
201,true,11.841,""
201,true,10.031,""
201,true,10.814,""
201,true,11.054,""
201,true,11.051,""
201,true,10.468,""
201,true,10.381,""
201,true,9.078,""
201,true,10.448,""
201,true,8.355,""
201,true,8.826,""
201,true,11.105,""
201,true,8.479,""
201,true,7.844,""
201,true,8.765,""
201,true,7.661,""
201,true,8.000,""
201,true,8.356,""
201,true,8.009,""
201,true,8.371,""
201,true,8.403,""
201,true,12.149,""
201,true,15.112,""
201,true,8.938,""
201,true,9.156,""
201,true,8.586,""
201,true,8.340,""
201,true,8.452,""
201,true,7.970,""
201,true,8.317,""
201,true,8.305,""
201,true,7.712,""
201,true,8.003,""
201,true,9.280,""
201,true,8.211,""
201,true,8.224,""
201,true,8.104,""
201,true,8.137,""
201,true,9.321,""
201,true,8.673,""
201,true,8.686,""
201,true,11.475,""
201,true,8.564,""
201,true,8.931,""
201,true,7.771,""
201,true,7.536,""
201,true,7.734,""
201,true,7.635,""
201,true,8.294,""
201,true,8.404,""
201,true,7.762,""
201,true,8.637,""
201,true,8.144,""
201,true,8.640,""
201,true,9.385,""
201,true,8.697,""
201,true,8.798,""
201,true,8.217,""
201,true,8.615,""
201,true,9.128,""
201,true,8.411,""
201,true,8.640,""
201,true,9.008,""
201,true,13.282,""
201,true,11.562,""
201,true,11.029,""
201,true,11.920,""
201,true,9.073,""
201,true,9.108,""
201,true,11.596,""
201,true,9.711,""
201,true,11.077,""
201,true,12.906,""
201,true,9.279,""
201,true,10.486,""
201,true,10.216,""
201,true,9.709,""
201,true,12.663,""
201,true,8.986,""
201,true,10.357,""
201,true,9.250,""
201,true,9.747,""
201,true,13.205,""
201,true,14.954,""
201,true,10.140,""
201,true,8.704,""
201,true,8.454,""
201,true,10.274,""
201,true,7.285,""
201,true,8.077,""
201,true,8.264,""
201,true,8.357,""
201,true,8.079,""
201,true,7.901,""
201,true,9.153,""
201,true,7.660,""
201,true,7.848,""
201,true,8.819,""
201,true,9.205,""
201,true,8.515,""
201,true,9.228,""
201,true,11.256,""
201,true,8.557,""
201,true,9.250,""
201,true,8.528,""
201,true,9.621,""
201,true,9.801,""
201,true,8.174,""
201,true,7.495,""
201,true,9.073,""
201,true,8.342,""
201,true,8.462,""
201,true,9.411,""
201,true,11.453,""
201,true,8.692,""
201,true,10.061,""
201,true,8.985,""
201,true,8.017,""
201,true,8.326,""
201,true,8.488,""
201,true,8.297,""
201,true,8.101,""
201,true,7.791,""
201,true,9.896,""
201,true,8.443,""
201,true,8.134,""
201,true,8.694,""
201,true,8.268,""
201,true,8.232,""
201,true,12.221,""
201,true,8.583,""
201,true,8.373,""
201,true,10.140,""
201,true,8.588,""
201,true,7.949,""
201,true,8.449,""
201,true,8.756,""
201,true,8.729,""
201,true,7.988,""
201,true,8.996,""
201,true,9.385,""
201,true,8.978,""
201,true,18.453,""
201,true,13.941,""
201,true,20.454,""
201,true,24.154,""
201,true,19.092,""
201,true,28.523,""
201,true,30.337,""
201,true,29.039,""
201,true,27.674,""
201,true,23.413,""
201,true,30.609,""
201,true,25.235,""
201,true,21.205,""
201,true,16.858,""
201,true,18.314,""
201,true,15.292,""
201,true,18.102,""
201,true,29.046,""
201,true,18.277,""
201,true,21.409,""
201,true,26.811,""
201,true,23.148,""
201,true,23.135,""
201,true,24.717,""
201,true,23.730,""
201,true,35.410,""
201,true,34.253,""
201,true,34.603,""
201,true,31.966,""
201,true,28.524,""
201,true,27.847,""
201,true,31.468,""
201,true,24.699,""
201,true,27.993,""
201,true,40.352,""
201,true,30.803,""
201,true,25.353,""
201,true,30.716,""
201,true,27.777,""
201,true,33.305,""
201,true,34.152,""
201,true,27.338,""
201,true,28.569,""
201,true,36.761,""
201,true,30.562,""
201,true,26.099,""
201,true,28.544,""
201,true,38.600,""
201,true,31.048,""
201,true,40.083,""
201,true,27.535,""
201,true,21.232,""
201,true,19.238,""
201,true,16.577,""
201,true,14.114,""
201,true,13.403,""
201,true,18.202,""
201,true,27.928,""
201,true,20.899,""
201,true,12.534,""
201,true,14.228,""
201,true,13.300,""
201,true,15.714,""
201,true,12.805,""
201,true,16.761,""
201,true,17.066,""
201,true,23.479,""
201,true,19.873,""
201,true,14.561,""
201,true,15.885,""
201,true,14.628,""
201,true,14.723,""
201,true,12.750,""
201,true,12.667,""
201,true,13.029,""
201,true,11.955,""
201,true,16.670,""
201,true,15.012,""
201,true,13.793,""
201,true,13.573,""
201,true,12.832,""
201,true,13.480,""
201,true,13.420,""
201,true,13.391,""
201,true,14.277,""
201,true,13.680,""
201,true,14.684,""
201,true,15.864,""
201,true,35.973,""
201,true,232.753,""
201,true,24.838,""
201,true,13.413,""
201,true,14.795,""
201,true,10.641,""
201,true,12.485,""
201,true,10.976,""
201,true,9.192,""
201,true,9.386,""
201,true,8.973,""
201,true,10.431,""
201,true,7.519,""
201,true,10.160,""
201,true,10.166,""
201,true,12.229,""
201,true,54.560,""
201,true,19.185,""
201,true,26.260,""
201,true,12.326,""
201,true,10.422,""
201,true,10.974,""
201,true,9.018,""
201,true,12.198,""
201,true,8.261,""
201,true,13.521,""
201,true,17.384,""
201,true,11.682,""
201,true,10.365,""
201,true,9.971,""
201,true,11.805,""
201,true,10.050,""
201,true,8.682,""
201,true,9.681,""
201,true,10.279,""
201,true,10.480,""
201,true,12.888,""
201,true,10.738,""
201,true,10.684,""
201,true,10.989,""
201,true,9.579,""
201,true,11.611,""
201,true,10.909,""
201,true,12.151,""
201,true,10.688,""
201,true,12.759,""
201,true,18.691,""
201,true,10.323,""
201,true,12.039,""
201,true,8.984,""
201,true,9.057,""
201,true,8.819,""
201,true,13.471,""
201,true,12.747,""
201,true,8.669,""
201,true,8.448,""
201,true,9.885,""
201,true,9.509,""
201,true,8.466,""
201,true,8.156,""
201,true,8.303,""
201,true,8.338,""
201,true,8.742,""
201,true,8.390,""
201,true,11.483,""
201,true,9.743,""
201,true,9.247,""
201,true,8.475,""
201,true,8.941,""
201,true,9.536,""
201,true,8.867,""
201,true,8.090,""
201,true,8.095,""
201,true,8.056,""
201,true,8.413,""
201,true,7.395,""
201,true,7.805,""
201,true,7.749,""
201,true,7.454,""
201,true,8.119,""
201,true,7.937,""
201,true,9.772,""
201,true,8.656,""
201,true,8.806,""
201,true,11.067,""
201,true,7.974,""
201,true,9.347,""
201,true,8.365,""
201,true,7.477,""
201,true,8.166,""
201,true,8.318,""
201,true,8.151,""
201,true,9.312,""
201,true,9.293,""
201,true,17.816,""
201,true,11.231,""
201,true,10.521,""
201,true,8.857,""
201,true,8.958,""
201,true,8.654,""
201,true,8.204,""
201,true,9.747,""
201,true,8.405,""
201,true,8.852,""
201,true,13.901,""
201,true,15.868,""
201,true,8.302,""
201,true,7.241,""
201,true,7.509,""
201,true,8.636,""
201,true,11.843,""
201,true,8.915,""
201,true,8.483,""
201,true,7.864,""
201,true,8.459,""
201,true,7.711,""
201,true,8.114,""
201,true,9.187,""
201,true,8.106,""
201,true,8.845,""
201,true,11.127,""
201,true,9.680,""
201,true,9.719,""
201,true,9.826,""
201,true,9.297,""
201,true,10.061,""
201,true,19.061,""
201,true,9.349,""
201,true,10.016,""
201,true,9.212,""
201,true,10.904,""
201,true,11.689,""
201,true,10.601,""
201,true,12.247,""
201,true,11.101,""
201,true,10.058,""
201,true,11.592,""
201,true,10.951,""
201,true,10.964,""
201,true,11.074,""
201,true,9.418,""
201,true,8.512,""
201,true,10.349,""
201,true,9.383,""
201,true,9.369,""
201,true,8.466,""
201,true,9.964,""
201,true,9.829,""
201,true,8.863,""
201,true,8.673,""
201,true,8.357,""
201,true,8.552,""
201,true,8.004,""
201,true,9.033,""
201,true,7.563,""
201,true,7.302,""
201,true,12.044,""
201,true,14.741,""
201,true,9.332,""
201,true,8.704,""
201,true,8.301,""
201,true,8.587,""
201,true,8.036,""
201,true,8.165,""
201,true,9.857,""
201,true,8.167,""
201,true,7.774,""
201,true,8.673,""
201,true,9.393,""
201,true,8.063,""
201,true,9.314,""
201,true,7.974,""
201,true,7.244,""
201,true,8.737,""
201,true,8.879,""
201,true,8.472,""
201,true,12.159,""
201,true,6.945,""
201,true,9.166,""
201,true,7.818,""
201,true,7.463,""
201,true,7.769,""
201,true,8.333,""
201,true,8.524,""
201,true,8.566,""
201,true,8.242,""
201,true,8.078,""
201,true,9.148,""
201,true,9.258,""
201,true,8.439,""
201,true,7.870,""
201,true,7.796,""
201,true,7.677,""
201,true,8.618,""
201,true,9.612,""
201,true,7.972,""
201,true,8.638,""
201,true,10.880,""
201,true,11.881,""
201,true,11.348,""
201,true,12.557,""
201,true,11.520,""
201,true,9.105,""
201,true,9.249,""
201,true,11.370,""
201,true,9.648,""
201,true,11.184,""
201,true,13.067,""
201,true,9.284,""
201,true,11.419,""
201,true,9.768,""
201,true,10.175,""
201,true,10.723,""
201,true,9.023,""
201,true,10.323,""
201,true,9.149,""
201,true,9.651,""
201,true,13.263,""
201,true,14.868,""
201,true,11.660,""
201,true,9.002,""
201,true,8.586,""
201,true,8.568,""
201,true,8.331,""
201,true,8.257,""
201,true,8.224,""
201,true,8.458,""
201,true,7.996,""
201,true,7.723,""
201,true,9.377,""
201,true,7.326,""
201,true,7.939,""
201,true,7.852,""
201,true,8.945,""
201,true,8.514,""
201,true,8.936,""
201,true,11.680,""
201,true,8.547,""
201,true,10.213,""
201,true,9.115,""
201,true,9.975,""
201,true,8.264,""
201,true,8.090,""
201,true,8.043,""
201,true,9.084,""
201,true,8.537,""
201,true,9.232,""
201,true,8.851,""
201,true,11.524,""
201,true,8.587,""
201,true,8.949,""
201,true,9.201,""
201,true,9.390,""
201,true,11.655,""
201,true,8.868,""
201,true,8.287,""
201,true,9.095,""
201,true,10.412,""
201,true,7.769,""
201,true,9.562,""
201,true,8.230,""
201,true,9.330,""
201,true,7.793,""
201,true,12.046,""
201,true,8.552,""
201,true,8.488,""
201,true,8.229,""
201,true,10.780,""
201,true,7.859,""
201,true,8.225,""
201,true,8.910,""
201,true,9.011,""
201,true,7.847,""
201,true,9.095,""
201,true,8.758,""
201,true,9.149,""
201,true,18.550,""
201,true,19.691,""
201,true,19.335,""
201,true,23.504,""
201,true,19.894,""
201,true,29.237,""
201,true,27.780,""
201,true,30.297,""
201,true,25.881,""
201,true,24.335,""
201,true,29.001,""
201,true,25.372,""
201,true,21.340,""
201,true,16.823,""
201,true,17.930,""
201,true,16.529,""
201,true,21.809,""
201,true,25.606,""
201,true,17.963,""
201,true,20.120,""
201,true,23.622,""
201,true,24.117,""
201,true,22.884,""
201,true,18.678,""
201,true,23.413,""
201,true,40.895,""
201,true,33.575,""
201,true,38.024,""
201,true,32.474,""
201,true,28.645,""
201,true,26.313,""
201,true,32.467,""
201,true,27.188,""
201,true,24.747,""
201,true,41.266,""
201,true,28.463,""
201,true,28.880,""
201,true,35.332,""
201,true,28.984,""
201,true,31.422,""
201,true,29.208,""
201,true,27.376,""
201,true,28.636,""
201,true,31.574,""
201,true,37.531,""
201,true,26.744,""
201,true,27.861,""
201,true,36.915,""
201,true,30.231,""
201,true,42.827,""
201,true,25.718,""
201,true,21.481,""
201,true,18.752,""
201,true,19.199,""
201,true,13.405,""
201,true,13.541,""
201,true,18.150,""
201,true,28.567,""
201,true,18.933,""
201,true,12.661,""
201,true,13.900,""
201,true,13.591,""
201,true,15.624,""
201,true,13.322,""
201,true,16.548,""
201,true,17.116,""
201,true,22.903,""
201,true,22.475,""
201,true,12.667,""
201,true,17.956,""
201,true,13.325,""
201,true,14.479,""
201,true,12.763,""
201,true,11.738,""
201,true,14.004,""
201,true,12.111,""
201,true,16.822,""
201,true,15.120,""
201,true,12.590,""
201,true,14.664,""
201,true,12.816,""
201,true,13.585,""
201,true,12.255,""
201,true,14.890,""
201,true,13.724,""
201,true,13.936,""
201,true,13.345,""
201,true,17.739,""
201,true,35.696,""
201,true,230.943,""
201,true,19.736,""
201,true,17.859,""
201,true,15.319,""
201,true,12.895,""
201,true,12.494,""
201,true,11.154,""
201,true,9.164,""
201,true,9.386,""
201,true,8.657,""
201,true,10.212,""
201,true,7.706,""
201,true,10.167,""
201,true,10.295,""
201,true,10.735,""
201,true,44.426,""
201,true,23.643,""
201,true,25.324,""
201,true,11.820,""
201,true,11.932,""
201,true,12.870,""
201,true,10.688,""
201,true,13.649,""
201,true,10.176,""
201,true,13.745,""
201,true,14.889,""
201,true,11.029,""
201,true,11.318,""
201,true,11.583,""
201,true,11.827,""
201,true,10.019,""
201,true,9.134,""
201,true,9.731,""
201,true,10.303,""
201,true,10.386,""
201,true,12.889,""
201,true,15.603,""
201,true,11.427,""
201,true,9.819,""
201,true,12.044,""
201,true,10.363,""
201,true,11.376,""
201,true,10.314,""
201,true,11.142,""
201,true,10.218,""
201,true,18.582,""
201,true,9.496,""
201,true,9.859,""
201,true,8.744,""
201,true,8.953,""
201,true,8.437,""
201,true,13.899,""
201,true,14.419,""
201,true,9.065,""
201,true,8.537,""
201,true,7.972,""
201,true,9.599,""
201,true,8.547,""
201,true,8.039,""
201,true,8.309,""
201,true,8.101,""
201,true,8.888,""
201,true,8.233,""
201,true,10.358,""
201,true,8.446,""
201,true,10.824,""
201,true,8.826,""
201,true,9.155,""
201,true,9.383,""
201,true,8.747,""
201,true,8.054,""
201,true,8.489,""
201,true,7.697,""
201,true,9.018,""
201,true,7.260,""
201,true,7.752,""
201,true,7.481,""
201,true,8.988,""
201,true,8.346,""
201,true,8.020,""
201,true,7.932,""
201,true,8.758,""
201,true,10.294,""
201,true,11.614,""
201,true,8.019,""
201,true,8.589,""
201,true,8.246,""
201,true,7.404,""
201,true,8.366,""
201,true,8.199,""
201,true,8.227,""
201,true,9.211,""
201,true,9.429,""
201,true,17.927,""
201,true,11.476,""
201,true,10.146,""
201,true,11.069,""
201,true,9.517,""
201,true,9.755,""
201,true,9.155,""
201,true,8.015,""
201,true,7.776,""
201,true,8.700,""
201,true,21.390,""
201,true,10.114,""
201,true,7.704,""
201,true,7.274,""
201,true,7.418,""
201,true,7.698,""
201,true,10.550,""
201,true,9.206,""
201,true,8.404,""
201,true,7.376,""
201,true,8.044,""
201,true,9.051,""
201,true,8.513,""
201,true,7.844,""
201,true,8.794,""
201,true,8.335,""
201,true,9.282,""
201,true,9.665,""
201,true,9.082,""
201,true,10.397,""
201,true,8.961,""
201,true,10.515,""
201,true,19.038,""
201,true,9.281,""
201,true,9.694,""
201,true,9.672,""
201,true,10.936,""
201,true,10.877,""
201,true,12.087,""
201,true,12.199,""
201,true,11.778,""
201,true,9.790,""
201,true,11.355,""
201,true,11.355,""
201,true,12.590,""
201,true,9.920,""
201,true,8.896,""
201,true,8.306,""
201,true,9.190,""
201,true,8.404,""
201,true,10.414,""
201,true,8.377,""
201,true,10.034,""
201,true,9.588,""
201,true,8.957,""
201,true,8.555,""
201,true,8.152,""
201,true,8.940,""
201,true,8.566,""
201,true,8.118,""
201,true,8.505,""
201,true,7.914,""
201,true,12.113,""
201,true,15.448,""
201,true,8.605,""
201,true,9.352,""
201,true,7.602,""
201,true,8.495,""
201,true,8.366,""
201,true,8.036,""
201,true,8.084,""
201,true,8.176,""
201,true,9.299,""
201,true,7.753,""
201,true,9.183,""
201,true,8.338,""
201,true,8.938,""
201,true,8.261,""
201,true,8.268,""
201,true,7.180,""
201,true,8.746,""
201,true,8.692,""
201,true,9.026,""
201,true,8.098,""
201,true,10.016,""
201,true,8.315,""
201,true,7.168,""
201,true,8.631,""
201,true,8.007,""
201,true,9.850,""
201,true,7.824,""
201,true,8.187,""
201,true,8.788,""
201,true,7.978,""
201,true,9.010,""
201,true,8.903,""
201,true,7.688,""
201,true,8.098,""
201,true,9.038,""
201,true,8.704,""
201,true,8.401,""
201,true,9.914,""
201,true,8.629,""
201,true,9.188,""
201,true,11.677,""
201,true,12.923,""
201,true,11.191,""
201,true,12.225,""
201,true,9.102,""
201,true,9.555,""
201,true,9.897,""
201,true,9.778,""
201,true,10.926,""
201,true,12.853,""
201,true,10.690,""
201,true,10.412,""
201,true,10.097,""
201,true,9.790,""
201,true,10.471,""
201,true,10.702,""
201,true,10.390,""
201,true,9.877,""
201,true,9.480,""
201,true,12.975,""
201,true,14.890,""
201,true,10.321,""
201,true,8.846,""
201,true,8.441,""
201,true,8.948,""
201,true,8.484,""
201,true,8.130,""
201,true,8.347,""
201,true,8.336,""
201,true,8.143,""
201,true,7.859,""
201,true,9.262,""
201,true,8.117,""
201,true,7.807,""
201,true,8.296,""
201,true,9.313,""
201,true,8.558,""
201,true,9.194,""
201,true,11.143,""
201,true,8.507,""
201,true,9.711,""
201,true,8.496,""
201,true,9.851,""
201,true,8.239,""
201,true,7.962,""
201,true,7.926,""
201,true,9.002,""
201,true,9.544,""
201,true,8.273,""
201,true,9.652,""
201,true,11.503,""
201,true,8.557,""
201,true,9.179,""
201,true,9.456,""
201,true,8.238,""
201,true,8.290,""
201,true,8.527,""
201,true,8.315,""
201,true,6.973,""
201,true,7.973,""
201,true,10.047,""
201,true,8.296,""
201,true,8.258,""
201,true,8.405,""
201,true,8.186,""
201,true,7.831,""
201,true,13.078,""
201,true,8.490,""
201,true,8.493,""
201,true,7.312,""
201,true,9.731,""
201,true,8.010,""
201,true,9.008,""
201,true,8.802,""
201,true,9.035,""
201,true,8.002,""
201,true,8.755,""
201,true,10.796,""
201,true,9.138,""
201,true,18.266,""
201,true,17.310,""
201,true,21.165,""
201,true,22.188,""
201,true,19.895,""
201,true,27.417,""
201,true,30.763,""
201,true,24.992,""
201,true,29.506,""
201,true,24.909,""
201,true,28.470,""
201,true,25.357,""
201,true,21.575,""
201,true,16.730,""
201,true,19.686,""
201,true,15.831,""
201,true,20.051,""
201,true,23.280,""
201,true,17.647,""
201,true,22.393,""
201,true,29.757,""
201,true,24.199,""
201,true,18.816,""
201,true,20.182,""
201,true,20.914,""
201,true,34.836,""
201,true,32.551,""
201,true,39.715,""
201,true,37.548,""
201,true,28.629,""
201,true,30.598,""
201,true,30.746,""
201,true,24.879,""
201,true,27.718,""
201,true,37.968,""
201,true,31.516,""
201,true,25.486,""
201,true,29.762,""
201,true,34.362,""
201,true,31.353,""
201,true,32.702,""
201,true,31.566,""
201,true,32.529,""
201,true,28.853,""
201,true,33.714,""
201,true,24.660,""
201,true,27.197,""
201,true,37.657,""
201,true,33.705,""
201,true,39.238,""
201,true,26.189,""
201,true,19.209,""
201,true,21.467,""
201,true,16.479,""
201,true,14.408,""
201,true,13.625,""
201,true,18.489,""
201,true,28.159,""
201,true,19.247,""
201,true,12.631,""
201,true,14.010,""
201,true,14.042,""
201,true,14.026,""
201,true,13.510,""
201,true,16.422,""
201,true,16.838,""
201,true,22.369,""
201,true,22.622,""
201,true,12.883,""
201,true,17.384,""
201,true,14.254,""
201,true,13.515,""
201,true,12.703,""
201,true,12.852,""
201,true,12.679,""
201,true,13.279,""
201,true,16.833,""
201,true,15.030,""
201,true,12.788,""
201,true,13.220,""
201,true,14.031,""
201,true,13.712,""
201,true,12.353,""
201,true,13.050,""
201,true,15.407,""
201,true,14.000,""
201,true,13.608,""
201,true,18.075,""
201,true,35.381,""