id,scenario,expected_fraud,predicted_fraud,expected_rule,detected_rules,risk_score,accepted
SYN-0001,valid,false,false,,,0,true
SYN-0002,valid,false,false,,,0,true
SYN-0003,valid,false,false,,,0,true
SYN-0004,valid,false,false,,,0,true
SYN-0005,valid,false,false,,,0,true
SYN-0006,valid,false,false,,,0,true
SYN-0007,valid,false,false,,,0,true
SYN-0008,valid,false,false,,,0,true
SYN-0009,valid,false,false,,,0,true
SYN-0010,valid,false,false,,,0,true
SYN-0011,valid,false,false,,,0,true
SYN-0012,valid,false,false,,,0,true
SYN-0013,valid,false,false,,,0,true
SYN-0014,valid,false,false,,,0,true
SYN-0015,valid,false,false,,,0,true
SYN-0016,valid,false,false,,,0,true
SYN-0017,valid,false,false,,,0,true
SYN-0018,valid,false,false,,,0,true
SYN-0019,valid,false,false,,,0,true
SYN-0020,valid,false,false,,,0,true
SYN-0021,valid,false,false,,,0,true
SYN-0022,valid,false,false,,,0,true
SYN-0023,valid,false,false,,,0,true
SYN-0024,valid,false,false,,,0,true
SYN-0025,valid,false,false,,,0,true
SYN-0026,valid,false,false,,,0,true
SYN-0027,valid,false,false,,,0,true
SYN-0028,valid,false,false,,,0,true
SYN-0029,valid,false,false,,,0,true
SYN-0030,valid,false,false,,,0,true
SYN-0031,valid,false,false,,,0,true
SYN-0032,valid,false,false,,,0,true
SYN-0033,valid,false,false,,,0,true
SYN-0034,valid,false,false,,,0,true
SYN-0035,valid,false,false,,,0,true
SYN-0036,valid,false,false,,,0,true
SYN-0037,valid,false,false,,,0,true
SYN-0038,valid,false,false,,,0,true
SYN-0039,valid,false,false,,,0,true
SYN-0040,valid,false,false,,,0,true
SYN-0041,valid,false,false,,,0,true
SYN-0042,valid,false,false,,,0,true
SYN-0043,valid,false,false,,,0,true
SYN-0044,valid,false,false,,,0,true
SYN-0045,valid,false,false,,,0,true
SYN-0046,valid,false,false,,,0,true
SYN-0047,valid,false,false,,,0,true
SYN-0048,valid,false,false,,,0,true
SYN-0049,valid,false,false,,,0,true
SYN-0050,valid,false,false,,,0,true
SYN-0051,valid,false,false,,,0,true
SYN-0052,valid,false,false,,,0,true
SYN-0053,valid,false,false,,,0,true
SYN-0054,valid,false,false,,,0,true
SYN-0055,valid,false,false,,,0,true
SYN-0056,valid,false,false,,,0,true
SYN-0057,valid,false,false,,,0,true
SYN-0058,valid,false,false,,,0,true
SYN-0059,valid,false,false,,,0,true
SYN-0060,valid,false,false,,,0,true
SYN-0061,valid,false,false,,,0,true
SYN-0062,valid,false,false,,,0,true
SYN-0063,valid,false,false,,,0,true
SYN-0064,valid,false,false,,,0,true
SYN-0065,valid,false,false,,,0,true
SYN-0066,valid,false,false,,,0,true
SYN-0067,valid,false,false,,,0,true
SYN-0068,valid,false,false,,,0,true
SYN-0069,valid,false,false,,,0,true
SYN-0070,valid,false,false,,,0,true
SYN-0071,valid,false,false,,,0,true
SYN-0072,valid,false,false,,,0,true
SYN-0073,valid,false,false,,,0,true
SYN-0074,valid,false,false,,,0,true
SYN-0075,valid,false,false,,,0,true
SYN-0076,valid,false,false,,,0,true
SYN-0077,valid,false,false,,,0,true
SYN-0078,valid,false,false,,,0,true
SYN-0079,valid,false,false,,,0,true
SYN-0080,valid,false,false,,,0,true
SYN-0081,valid,false,false,,,0,true
SYN-0082,valid,false,false,,,0,true
SYN-0083,valid,false,false,,,0,true
SYN-0084,valid,false,false,,,0,true
SYN-0085,valid,false,false,,,0,true
SYN-0086,valid,false,false,,,0,true
SYN-0087,valid,false,false,,,0,true
SYN-0088,valid,false,false,,,0,true
SYN-0089,valid,false,false,,,0,true
SYN-0090,valid,false,false,,,0,true
SYN-0091,valid,false,false,,,0,true
SYN-0092,valid,false,false,,,0,true
SYN-0093,valid,false,false,,,0,true
SYN-0094,valid,false,false,,,0,true
SYN-0095,valid,false,false,,,0,true
SYN-0096,valid,false,false,,,0,true
SYN-0097,valid,false,false,,,0,true
SYN-0098,valid,false,false,,,0,true
SYN-0099,valid,false,false,,,0,true
SYN-0100,valid,false,false,,,0,true
SYN-0101,valid,false,false,,,0,true
SYN-0102,valid,false,false,,,0,true
SYN-0103,valid,false,false,,,0,true
SYN-0104,valid,false,false,,,0,true
SYN-0105,valid,false,false,,,0,true
SYN-0106,valid,false,false,,,0,true
SYN-0107,valid,false,false,,,0,true
SYN-0108,valid,false,false,,,0,true
SYN-0109,valid,false,false,,,0,true
SYN-0110,valid,false,false,,,0,true
SYN-0111,valid,false,false,,,0,true
SYN-0112,valid,false,false,,,0,true
SYN-0113,valid,false,false,,,0,true
SYN-0114,valid,false,false,,,0,true
SYN-0115,valid,false,false,,,0,true
SYN-0116,valid,false,false,,,0,true
SYN-0117,valid,false,false,,,0,true
SYN-0118,valid,false,false,,,0,true
SYN-0119,valid,false,false,,,0,true
SYN-0120,valid,false,false,,,0,true
SYN-0121,valid,false,false,,,0,true
SYN-0122,valid,false,false,,,0,true
SYN-0123,valid,false,false,,,0,true
SYN-0124,valid,false,false,,,0,true
SYN-0125,valid,false,false,,,0,true
SYN-0126,valid,false,false,,,0,true
SYN-0127,valid,false,false,,,0,true
SYN-0128,valid,false,false,,,0,true
SYN-0129,valid,false,false,,,0,true
SYN-0130,valid,false,false,,,0,true
SYN-0131,valid,false,false,,,0,true
SYN-0132,valid,false,false,,,0,true
SYN-0133,valid,false,false,,,0,true
SYN-0134,valid,false,false,,,0,true
SYN-0135,valid,false,false,,,0,true
SYN-0136,valid,false,false,,,0,true
SYN-0137,valid,false,false,,,0,true
SYN-0138,valid,false,false,,,0,true
SYN-0139,valid,false,false,,,0,true
SYN-0140,valid,false,false,,,0,true
SYN-0141,valid,false,false,,,0,true
SYN-0142,valid,false,false,,,0,true
SYN-0143,valid,false,false,,,0,true
SYN-0144,valid,false,false,,,0,true
SYN-0145,valid,false,false,,,0,true
SYN-0146,valid,false,false,,,0,true
SYN-0147,valid,false,false,,,0,true
SYN-0148,valid,false,false,,,0,true
SYN-0149,valid,false,false,,,0,true
SYN-0150,valid,false,false,,,0,true
SYN-0151,valid,false,false,,,0,true
SYN-0152,valid,false,false,,,0,true
SYN-0153,valid,false,false,,,0,true
SYN-0154,valid,false,false,,,0,true
SYN-0155,valid,false,false,,,0,true
SYN-0156,valid,false,false,,,0,true
SYN-0157,valid,false,false,,,0,true
SYN-0158,valid,false,false,,,0,true
SYN-0159,valid,false,false,,,0,true
SYN-0160,valid,false,false,,,0,true
SYN-0161,valid,false,false,,,0,true
SYN-0162,valid,false,false,,,0,true
SYN-0163,valid,false,false,,,0,true
SYN-0164,valid,false,false,,,0,true
SYN-0165,valid,false,false,,,0,true
SYN-0166,valid,false,false,,,0,true
SYN-0167,valid,false,false,,,0,true
SYN-0168,valid,false,false,,,0,true
SYN-0169,valid,false,false,,,0,true
SYN-0170,valid,false,false,,,0,true
SYN-0171,valid,false,false,,,0,true
SYN-0172,valid,false,false,,,0,true
SYN-0173,valid,false,false,,,0,true
SYN-0174,valid,false,false,,,0,true
SYN-0175,valid,false,false,,,0,true
SYN-0176,valid,false,false,,,0,true
SYN-0177,valid,false,false,,,0,true
SYN-0178,valid,false,false,,,0,true
SYN-0179,valid,false,false,,,0,true
SYN-0180,valid,false,false,,,0,true
SYN-0181,valid,false,false,,,0,true
SYN-0182,valid,false,false,,,0,true
SYN-0183,valid,false,false,,,0,true
SYN-0184,valid,false,false,,,0,true
SYN-0185,valid,false,false,,,0,true
SYN-0186,valid,false,false,,,0,true
SYN-0187,valid,false,false,,,0,true
SYN-0188,valid,false,false,,,0,true
SYN-0189,valid,false,false,,,0,true
SYN-0190,valid,false,false,,,0,true
SYN-0191,valid,false,false,,,0,true
SYN-0192,valid,false,false,,,0,true
SYN-0193,valid,false,false,,,0,true
SYN-0194,valid,false,false,,,0,true
SYN-0195,valid,false,false,,,0,true
SYN-0196,valid,false,false,,,0,true
SYN-0197,valid,false,false,,,0,true
SYN-0198,valid,false,false,,,0,true
SYN-0199,valid,false,false,,,0,true
SYN-0200,valid,false,false,,,0,true
SYN-0201,valid,false,false,,,0,true
SYN-0202,valid,false,false,,,0,true
SYN-0203,valid,false,false,,,0,true
SYN-0204,valid,false,false,,,0,true
SYN-0205,valid,false,false,,,0,true
SYN-0206,valid,false,false,,,0,true
SYN-0207,valid,false,false,,,0,true
SYN-0208,valid,false,false,,,0,true
SYN-0209,valid,false,false,,,0,true
SYN-0210,valid,false,false,,,0,true
SYN-0211,valid,false,false,,,0,true
SYN-0212,valid,false,false,,,0,true
SYN-0213,valid,false,false,,,0,true
SYN-0214,valid,false,false,,,0,true
SYN-0215,valid,false,false,,,0,true
SYN-0216,valid,false,false,,,0,true
SYN-0217,valid,false,false,,,0,true
SYN-0218,valid,false,false,,,0,true
SYN-0219,valid,false,false,,,0,true
SYN-0220,valid,false,false,,,0,true
SYN-0221,valid,false,false,,,0,true
SYN-0222,valid,false,false,,,0,true
SYN-0223,valid,false,false,,,0,true
SYN-0224,valid,false,false,,,0,true
SYN-0225,valid,false,false,,,0,true
SYN-0226,valid,false,false,,,0,true
SYN-0227,valid,false,false,,,0,true
SYN-0228,valid,false,false,,,0,true
SYN-0229,valid,false,false,,,0,true
SYN-0230,valid,false,false,,,0,true
SYN-0231,valid,false,false,,,0,true
SYN-0232,valid,false,false,,,0,true
SYN-0233,valid,false,false,,,0,true
SYN-0234,valid,false,false,,,0,true
SYN-0235,valid,false,false,,,0,true
SYN-0236,valid,false,false,,,0,true
SYN-0237,valid,false,false,,,0,true
SYN-0238,valid,false,false,,,0,true
SYN-0239,valid,false,false,,,0,true
SYN-0240,valid,false,false,,,0,true
SYN-0241,valid,false,false,,,0,true
SYN-0242,valid,false,false,,,0,true
SYN-0243,valid,false,false,,,0,true
SYN-0244,valid,false,false,,,0,true
SYN-0245,valid,false,false,,,0,true
SYN-0246,valid,false,false,,,0,true
SYN-0247,valid,false,false,,,0,true
SYN-0248,valid,false,false,,,0,true
SYN-0249,valid,false,false,,,0,true
SYN-0250,valid,false,false,,,0,true
SYN-0251,valid,false,false,,,0,true
SYN-0252,valid,false,false,,,0,true
SYN-0253,valid,false,false,,,0,true
SYN-0254,valid,false,false,,,0,true
SYN-0255,valid,false,false,,,0,true
SYN-0256,valid,false,false,,,0,true
SYN-0257,valid,false,false,,,0,true
SYN-0258,valid,false,false,,,0,true
SYN-0259,valid,false,false,,,0,true
SYN-0260,valid,false,false,,,0,true
SYN-0261,valid,false,false,,,0,true
SYN-0262,valid,false,false,,,0,true
SYN-0263,valid,false,false,,,0,true
SYN-0264,valid,false,false,,,0,true
SYN-0265,valid,false,false,,,0,true
SYN-0266,valid,false,false,,,0,true
SYN-0267,valid,false,false,,,0,true
SYN-0268,valid,false,false,,,0,true
SYN-0269,valid,false,false,,,0,true
SYN-0270,valid,false,false,,,0,true
SYN-0271,valid,false,false,,,0,true
SYN-0272,valid,false,false,,,0,true
SYN-0273,valid,false,false,,,0,true
SYN-0274,valid,false,false,,,0,true
SYN-0275,valid,false,false,,,0,true
SYN-0276,valid,false,false,,,0,true
SYN-0277,valid,false,false,,,0,true
SYN-0278,valid,false,false,,,0,true
SYN-0279,valid,false,false,,,0,true
SYN-0280,valid,false,false,,,0,true
SYN-0281,valid,false,false,,,0,true
SYN-0282,valid,false,false,,,0,true
SYN-0283,valid,false,false,,,0,true
SYN-0284,valid,false,false,,,0,true
SYN-0285,valid,false,false,,,0,true
SYN-0286,valid,false,false,,,0,true
SYN-0287,valid,false,false,,,0,true
SYN-0288,valid,false,false,,,0,true
SYN-0289,valid,false,false,,,0,true
SYN-0290,valid,false,false,,,0,true
SYN-0291,valid,false,false,,,0,true
SYN-0292,valid,false,false,,,0,true
SYN-0293,valid,false,false,,,0,true
SYN-0294,valid,false,false,,,0,true
SYN-0295,valid,false,false,,,0,true
SYN-0296,valid,false,false,,,0,true
SYN-0297,valid,false,false,,,0,true
SYN-0298,valid,false,false,,,0,true
SYN-0299,valid,false,false,,,0,true
SYN-0300,valid,false,false,,,0,true
SYN-0301,valid,false,false,,,0,true
SYN-0302,valid,false,false,,,0,true
SYN-0303,valid,false,false,,,0,true
SYN-0304,valid,false,false,,,0,true
SYN-0305,valid,false,false,,,0,true
SYN-0306,valid,false,false,,,0,true
SYN-0307,valid,false,false,,,0,true
SYN-0308,valid,false,false,,,0,true
SYN-0309,valid,false,false,,,0,true
SYN-0310,valid,false,false,,,0,true
SYN-0311,valid,false,false,,,0,true
SYN-0312,valid,false,false,,,0,true
SYN-0313,valid,false,false,,,0,true
SYN-0314,valid,false,false,,,0,true
SYN-0315,valid,false,false,,,0,true
SYN-0316,valid,false,false,,,0,true
SYN-0317,valid,false,false,,,0,true
SYN-0318,valid,false,false,,,0,true
SYN-0319,valid,false,false,,,0,true
SYN-0320,valid,false,false,,,0,true
SYN-0321,valid,false,false,,,0,true
SYN-0322,valid,false,false,,,0,true
SYN-0323,valid,false,false,,,0,true
SYN-0324,valid,false,false,,,0,true
SYN-0325,valid,false,false,,,0,true
SYN-0326,valid,false,false,,,0,true
SYN-0327,valid,false,false,,,0,true
SYN-0328,valid,false,false,,,0,true
SYN-0329,valid,false,false,,,0,true
SYN-0330,valid,false,false,,,0,true
SYN-0331,valid,false,false,,,0,true
SYN-0332,valid,false,false,,,0,true
SYN-0333,valid,false,false,,,0,true
SYN-0334,valid,false,false,,,0,true
SYN-0335,valid,false,false,,,0,true
SYN-0336,valid,false,false,,,0,true
SYN-0337,valid,false,false,,,0,true
SYN-0338,valid,false,false,,,0,true
SYN-0339,valid,false,false,,,0,true
SYN-0340,valid,false,false,,,0,true
SYN-0341,valid,false,false,,,0,true
SYN-0342,valid,false,false,,,0,true
SYN-0343,valid,false,false,,,0,true
SYN-0344,valid,false,false,,,0,true
SYN-0345,valid,false,false,,,0,true
SYN-0346,valid,false,false,,,0,true
SYN-0347,valid,false,false,,,0,true
SYN-0348,valid,false,false,,,0,true
SYN-0349,valid,false,false,,,0,true
SYN-0350,valid,false,false,,,0,true
SYN-0351,valid,false,false,,,0,true
SYN-0352,valid,false,false,,,0,true
SYN-0353,valid,false,false,,,0,true
SYN-0354,valid,false,false,,,0,true
SYN-0355,valid,false,false,,,0,true
SYN-0356,valid,false,false,,,0,true
SYN-0357,valid,false,false,,,0,true
SYN-0358,valid,false,false,,,0,true
SYN-0359,valid,false,false,,,0,true
SYN-0360,valid,false,false,,,0,true
SYN-0361,valid,false,false,,,0,true
SYN-0362,valid,false,false,,,0,true
SYN-0363,valid,false,false,,,0,true
SYN-0364,valid,false,false,,,0,true
SYN-0365,valid,false,false,,,0,true
SYN-0366,valid,false,false,,,0,true
SYN-0367,valid,false,false,,,0,true
SYN-0368,valid,false,false,,,0,true
SYN-0369,valid,false,false,,,0,true
SYN-0370,valid,false,false,,,0,true
SYN-0371,valid,false,false,,,0,true
SYN-0372,valid,false,false,,,0,true
SYN-0373,valid,false,false,,,0,true
SYN-0374,valid,false,false,,,0,true
SYN-0375,valid,false,false,,,0,true
SYN-0376,valid,false,false,,,0,true
SYN-0377,valid,false,false,,,0,true
SYN-0378,valid,false,false,,,0,true
SYN-0379,valid,false,false,,,0,true
SYN-0380,valid,false,false,,,0,true
SYN-0381,valid,false,false,,,0,true
SYN-0382,valid,false,false,,,0,true
SYN-0383,valid,false,false,,,0,true
SYN-0384,valid,false,false,,,0,true
SYN-0385,valid,false,false,,,0,true
SYN-0386,valid,false,false,,,0,true
SYN-0387,valid,false,false,,,0,true
SYN-0388,valid,false,false,,,0,true
SYN-0389,valid,false,false,,,0,true
SYN-0390,valid,false,false,,,0,true
SYN-0391,valid,false,false,,,0,true
SYN-0392,valid,false,false,,,0,true
SYN-0393,valid,false,false,,,0,true
SYN-0394,valid,false,false,,,0,true
SYN-0395,valid,false,false,,,0,true
SYN-0396,valid,false,false,,,0,true
SYN-0397,valid,false,false,,,0,true
SYN-0398,valid,false,false,,,0,true
SYN-0399,valid,false,false,,,0,true
SYN-0400,valid,false,false,,,0,true
SYN-0401,valid,false,false,,,0,true
SYN-0402,valid,false,false,,,0,true
SYN-0403,valid,false,false,,,0,true
SYN-0404,valid,false,false,,,0,true
SYN-0405,valid,false,false,,,0,true
SYN-0406,valid,false,false,,,0,true
SYN-0407,valid,false,false,,,0,true
SYN-0408,valid,false,false,,,0,true
SYN-0409,valid,false,false,,,0,true
SYN-0410,valid,false,false,,,0,true
SYN-0411,valid,false,false,,,0,true
SYN-0412,valid,false,false,,,0,true
SYN-0413,valid,false,false,,,0,true
SYN-0414,valid,false,false,,,0,true
SYN-0415,valid,false,false,,,0,true
SYN-0416,valid,false,false,,,0,true
SYN-0417,valid,false,false,,,0,true
SYN-0418,valid,false,false,,,0,true
SYN-0419,valid,false,false,,,0,true
SYN-0420,valid,false,false,,,0,true
SYN-0421,valid,false,false,,,0,true
SYN-0422,valid,false,false,,,0,true
SYN-0423,valid,false,false,,,0,true
SYN-0424,valid,false,false,,,0,true
SYN-0425,valid,false,false,,,0,true
SYN-0426,valid,false,false,,,0,true
SYN-0427,valid,false,false,,,0,true
SYN-0428,valid,false,false,,,0,true
SYN-0429,valid,false,false,,,0,true
SYN-0430,valid,false,false,,,0,true
SYN-0431,valid,false,false,,,0,true
SYN-0432,valid,false,false,,,0,true
SYN-0433,valid,false,false,,,0,true
SYN-0434,valid,false,false,,,0,true
SYN-0435,valid,false,false,,,0,true
SYN-0436,valid,false,false,,,0,true
SYN-0437,valid,false,false,,,0,true
SYN-0438,valid,false,false,,,0,true
SYN-0439,valid,false,false,,,0,true
SYN-0440,valid,false,false,,,0,true
SYN-0441,valid,false,false,,,0,true
SYN-0442,valid,false,false,,,0,true
SYN-0443,valid,false,false,,,0,true
SYN-0444,valid,false,false,,,0,true
SYN-0445,valid,false,false,,,0,true
SYN-0446,valid,false,false,,,0,true
SYN-0447,valid,false,false,,,0,true
SYN-0448,valid,false,false,,,0,true
SYN-0449,valid,false,false,,,0,true
SYN-0450,valid,false,false,,,0,true
SYN-0451,valid,false,false,,,0,true
SYN-0452,valid,false,false,,,0,true
SYN-0453,valid,false,false,,,0,true
SYN-0454,valid,false,false,,,0,true
SYN-0455,valid,false,false,,,0,true
SYN-0456,valid,false,false,,,0,true
SYN-0457,valid,false,false,,,0,true
SYN-0458,valid,false,false,,,0,true
SYN-0459,valid,false,false,,,0,true
SYN-0460,valid,false,false,,,0,true
SYN-0461,valid,false,false,,,0,true
SYN-0462,valid,false,false,,,0,true
SYN-0463,valid,false,false,,,0,true
SYN-0464,valid,false,false,,,0,true
SYN-0465,valid,false,false,,,0,true
SYN-0466,valid,false,false,,,0,true
SYN-0467,valid,false,false,,,0,true
SYN-0468,valid,false,false,,,0,true
SYN-0469,valid,false,false,,,0,true
SYN-0470,valid,false,false,,,0,true
SYN-0471,valid,false,false,,,0,true
SYN-0472,valid,false,false,,,0,true
SYN-0473,valid,false,false,,,0,true
SYN-0474,valid,false,false,,,0,true
SYN-0475,valid,false,false,,,0,true
SYN-0476,valid,false,false,,,0,true
SYN-0477,valid,false,false,,,0,true
SYN-0478,valid,false,false,,,0,true
SYN-0479,valid,false,false,,,0,true
SYN-0480,valid,false,false,,,0,true
SYN-0481,valid,false,false,,,0,true
SYN-0482,valid,false,false,,,0,true
SYN-0483,valid,false,false,,,0,true
SYN-0484,valid,false,false,,,0,true
SYN-0485,valid,false,false,,,0,true
SYN-0486,valid,false,false,,,0,true
SYN-0487,valid,false,false,,,0,true
SYN-0488,valid,false,false,,,0,true
SYN-0489,valid,false,false,,,0,true
SYN-0490,valid,false,false,,,0,true
SYN-0491,valid,false,false,,,0,true
SYN-0492,valid,false,false,,,0,true
SYN-0493,valid,false,false,,,0,true
SYN-0494,valid,false,false,,,0,true
SYN-0495,valid,false,false,,,0,true
SYN-0496,valid,false,false,,,0,true
SYN-0497,valid,false,false,,,0,true
SYN-0498,valid,false,false,,,0,true
SYN-0499,valid,false,false,,,0,true
SYN-0500,valid,false,false,,,0,true
SYN-0501,valid,false,false,,,0,true
SYN-0502,valid,false,false,,,0,true
SYN-0503,valid,false,false,,,0,true
SYN-0504,valid,false,false,,,0,true
SYN-0505,valid,false,false,,,0,true
SYN-0506,valid,false,false,,,0,true
SYN-0507,valid,false,false,,,0,true
SYN-0508,valid,false,false,,,0,true
SYN-0509,valid,false,false,,,0,true
SYN-0510,valid,false,false,,,0,true
SYN-0511,valid,false,false,,,0,true
SYN-0512,valid,false,false,,,0,true
SYN-0513,valid,false,false,,,0,true
SYN-0514,valid,false,false,,,0,true
SYN-0515,valid,false,false,,,0,true
SYN-0516,valid,false,false,,,0,true
SYN-0517,valid,false,false,,,0,true
SYN-0518,valid,false,false,,,0,true
SYN-0519,valid,false,false,,,0,true
SYN-0520,valid,false,false,,,0,true
SYN-0521,valid,false,false,,,0,true
SYN-0522,valid,false,false,,,0,true
SYN-0523,valid,false,false,,,0,true
SYN-0524,valid,false,false,,,0,true
SYN-0525,valid,false,false,,,0,true
SYN-0526,valid,false,false,,,0,true
SYN-0527,valid,false,false,,,0,true
SYN-0528,valid,false,false,,,0,true
SYN-0529,valid,false,false,,,0,true
SYN-0530,valid,false,false,,,0,true
SYN-0531,valid,false,false,,,0,true
SYN-0532,valid,false,false,,,0,true
SYN-0533,valid,false,false,,,0,true
SYN-0534,valid,false,false,,,0,true
SYN-0535,valid,false,false,,,0,true
SYN-0536,valid,false,false,,,0,true
SYN-0537,valid,false,false,,,0,true
SYN-0538,valid,false,false,,,0,true
SYN-0539,valid,false,false,,,0,true
SYN-0540,valid,false,false,,,0,true
SYN-0541,valid,false,false,,,0,true
SYN-0542,valid,false,false,,,0,true
SYN-0543,valid,false,false,,,0,true
SYN-0544,valid,false,false,,,0,true
SYN-0545,valid,false,false,,,0,true
SYN-0546,valid,false,false,,,0,true
SYN-0547,valid,false,false,,,0,true
SYN-0548,valid,false,false,,,0,true
SYN-0549,valid,false,false,,,0,true
SYN-0550,valid,false,false,,,0,true
SYN-0551,valid,false,false,,,0,true
SYN-0552,valid,false,false,,,0,true
SYN-0553,valid,false,false,,,0,true
SYN-0554,valid,false,false,,,0,true
SYN-0555,valid,false,false,,,0,true
SYN-0556,valid,false,false,,,0,true
SYN-0557,valid,false,false,,,0,true
SYN-0558,valid,false,false,,,0,true
SYN-0559,valid,false,false,,,0,true
SYN-0560,valid,false,false,,,0,true
SYN-0561,valid,false,false,,,0,true
SYN-0562,valid,false,false,,,0,true
SYN-0563,valid,false,false,,,0,true
SYN-0564,valid,false,false,,,0,true
SYN-0565,valid,false,false,,,0,true
SYN-0566,valid,false,false,,,0,true
SYN-0567,valid,false,false,,,0,true
SYN-0568,valid,false,false,,,0,true
SYN-0569,valid,false,false,,,0,true
SYN-0570,valid,false,false,,,0,true
SYN-0571,valid,false,false,,,0,true
SYN-0572,valid,false,false,,,0,true
SYN-0573,valid,false,false,,,0,true
SYN-0574,valid,false,false,,,0,true
SYN-0575,valid,false,false,,,0,true
SYN-0576,valid,false,false,,,0,true
SYN-0577,valid,false,false,,,0,true
SYN-0578,valid,false,false,,,0,true
SYN-0579,valid,false,false,,,0,true
SYN-0580,valid,false,false,,,0,true
SYN-0581,valid,false,false,,,0,true
SYN-0582,valid,false,false,,,0,true
SYN-0583,valid,false,false,,,0,true
SYN-0584,valid,false,false,,,0,true
SYN-0585,valid,false,false,,,0,true
SYN-0586,valid,false,false,,,0,true
SYN-0587,valid,false,false,,,0,true
SYN-0588,valid,false,false,,,0,true
SYN-0589,valid,false,false,,,0,true
SYN-0590,valid,false,false,,,0,true
SYN-0591,valid,false,false,,,0,true
SYN-0592,valid,false,false,,,0,true
SYN-0593,valid,false,false,,,0,true
SYN-0594,valid,false,false,,,0,true
SYN-0595,valid,false,false,,,0,true
SYN-0596,valid,false,false,,,0,true
SYN-0597,valid,false,false,,,0,true
SYN-0598,valid,false,false,,,0,true
SYN-0599,valid,false,false,,,0,true
SYN-0600,valid,false,false,,,0,true
SYN-0601,valid,false,false,,,0,true
SYN-0602,valid,false,false,,,0,true
SYN-0603,valid,false,false,,,0,true
SYN-0604,valid,false,false,,,0,true
SYN-0605,valid,false,false,,,0,true
SYN-0606,valid,false,false,,,0,true
SYN-0607,valid,false,false,,,0,true
SYN-0608,valid,false,false,,,0,true
SYN-0609,valid,false,false,,,0,true
SYN-0610,valid,false,false,,,0,true
SYN-0611,valid,false,false,,,0,true
SYN-0612,valid,false,false,,,0,true
SYN-0613,valid,false,false,,,0,true
SYN-0614,valid,false,false,,,0,true
SYN-0615,valid,false,false,,,0,true
SYN-0616,valid,false,false,,,0,true
SYN-0617,valid,false,false,,,0,true
SYN-0618,valid,false,false,,,0,true
SYN-0619,valid,false,false,,,0,true
SYN-0620,valid,false,false,,,0,true
SYN-0621,valid,false,false,,,0,true
SYN-0622,valid,false,false,,,0,true
SYN-0623,valid,false,false,,,0,true
SYN-0624,valid,false,false,,,0,true
SYN-0625,valid,false,false,,,0,true
SYN-0626,valid,false,false,,,0,true
SYN-0627,valid,false,false,,,0,true
SYN-0628,valid,false,false,,,0,true
SYN-0629,valid,false,false,,,0,true
SYN-0630,valid,false,false,,,0,true
SYN-0631,valid,false,false,,,0,true
SYN-0632,valid,false,false,,,0,true
SYN-0633,valid,false,false,,,0,true
SYN-0634,valid,false,false,,,0,true
SYN-0635,valid,false,false,,,0,true
SYN-0636,valid,false,false,,,0,true
SYN-0637,valid,false,false,,,0,true
SYN-0638,valid,false,false,,,0,true
SYN-0639,valid,false,false,,,0,true
SYN-0640,valid,false,false,,,0,true
SYN-0641,valid,false,false,,,0,true
SYN-0642,valid,false,false,,,0,true
SYN-0643,valid,false,false,,,0,true
SYN-0644,valid,false,false,,,0,true
SYN-0645,valid,false,false,,,0,true
SYN-0646,valid,false,false,,,0,true
SYN-0647,valid,false,false,,,0,true
SYN-0648,valid,false,false,,,0,true
SYN-0649,valid,false,false,,,0,true
SYN-0650,valid,false,false,,,0,true
SYN-0651,valid,false,false,,,0,true
SYN-0652,valid,false,false,,,0,true
SYN-0653,valid,false,false,,,0,true
SYN-0654,valid,false,false,,,0,true
SYN-0655,valid,false,false,,,0,true
SYN-0656,valid,false,false,,,0,true
SYN-0657,valid,false,false,,,0,true
SYN-0658,valid,false,false,,,0,true
SYN-0659,valid,false,false,,,0,true
SYN-0660,valid,false,false,,,0,true
SYN-0661,valid,false,false,,,0,true
SYN-0662,valid,false,false,,,0,true
SYN-0663,valid,false,false,,,0,true
SYN-0664,valid,false,false,,,0,true
SYN-0665,valid,false,false,,,0,true
SYN-0666,valid,false,false,,,0,true
SYN-0667,valid,false,false,,,0,true
SYN-0668,valid,false,false,,,0,true
SYN-0669,valid,false,false,,,0,true
SYN-0670,valid,false,false,,,0,true
SYN-0671,valid,false,false,,,0,true
SYN-0672,valid,false,false,,,0,true
SYN-0673,valid,false,false,,,0,true
SYN-0674,valid,false,false,,,0,true
SYN-0675,valid,false,false,,,0,true
SYN-0676,valid,false,false,,,0,true
SYN-0677,valid,false,false,,,0,true
SYN-0678,valid,false,false,,,0,true
SYN-0679,valid,false,false,,,0,true
SYN-0680,valid,false,false,,,0,true
SYN-0681,valid,false,false,,,0,true
SYN-0682,valid,false,false,,,0,true
SYN-0683,valid,false,false,,,0,true
SYN-0684,valid,false,false,,,0,true
SYN-0685,valid,false,false,,,0,true
SYN-0686,valid,false,false,,,0,true
SYN-0687,valid,false,false,,,0,true
SYN-0688,valid,false,false,,,0,true
SYN-0689,valid,false,false,,,0,true
SYN-0690,valid,false,false,,,0,true
SYN-0691,valid,false,false,,,0,true
SYN-0692,valid,false,false,,,0,true
SYN-0693,valid,false,false,,,0,true
SYN-0694,valid,false,false,,,0,true
SYN-0695,valid,false,false,,,0,true
SYN-0696,valid,false,false,,,0,true
SYN-0697,valid,false,false,,,0,true
SYN-0698,valid,false,false,,,0,true
SYN-0699,valid,false,false,,,0,true
SYN-0700,valid,false,false,,,0,true
SYN-0701,valid,false,false,,,0,true
SYN-0702,valid,false,false,,,0,true
SYN-0703,valid,false,false,,,0,true
SYN-0704,valid,false,false,,,0,true
SYN-0705,valid,false,false,,,0,true
SYN-0706,valid,false,false,,,0,true
SYN-0707,valid,false,false,,,0,true
SYN-0708,valid,false,false,,,0,true
SYN-0709,valid,false,false,,,0,true
SYN-0710,valid,false,false,,,0,true
SYN-0711,valid,false,false,,,0,true
SYN-0712,valid,false,false,,,0,true
SYN-0713,valid,false,false,,,0,true
SYN-0714,valid,false,false,,,0,true
SYN-0715,valid,false,false,,,0,true
SYN-0716,valid,false,false,,,0,true
SYN-0717,valid,false,false,,,0,true
SYN-0718,valid,false,false,,,0,true
SYN-0719,valid,false,false,,,0,true
SYN-0720,valid,false,false,,,0,true
SYN-0721,valid,false,false,,,0,true
SYN-0722,valid,false,false,,,0,true
SYN-0723,valid,false,false,,,0,true
SYN-0724,valid,false,false,,,0,true
SYN-0725,valid,false,false,,,0,true
SYN-0726,valid,false,false,,,0,true
SYN-0727,valid,false,false,,,0,true
SYN-0728,valid,false,false,,,0,true
SYN-0729,valid,false,false,,,0,true
SYN-0730,valid,false,false,,,0,true
SYN-0731,valid,false,false,,,0,true
SYN-0732,valid,false,false,,,0,true
SYN-0733,valid,false,false,,,0,true
SYN-0734,valid,false,false,,,0,true
SYN-0735,valid,false,false,,,0,true
SYN-0736,valid,false,false,,,0,true
SYN-0737,valid,false,false,,,0,true
SYN-0738,valid,false,false,,,0,true
SYN-0739,valid,false,false,,,0,true
SYN-0740,valid,false,false,,,0,true
SYN-0741,valid,false,false,,,0,true
SYN-0742,valid,false,false,,,0,true
SYN-0743,valid,false,false,,,0,true
SYN-0744,valid,false,false,,,0,true
SYN-0745,valid,false,false,,,0,true
SYN-0746,valid,false,false,,,0,true
SYN-0747,valid,false,false,,,0,true
SYN-0748,valid,false,false,,,0,true
SYN-0749,valid,false,false,,,0,true
SYN-0750,valid,false,false,,,0,true
SYN-0751,valid,false,false,,,0,true
SYN-0752,valid,false,false,,,0,true
SYN-0753,valid,false,false,,,0,true
SYN-0754,valid,false,false,,,0,true
SYN-0755,valid,false,false,,,0,true
SYN-0756,valid,false,false,,,0,true
SYN-0757,valid,false,false,,,0,true
SYN-0758,valid,false,false,,,0,true
SYN-0759,valid,false,false,,,0,true
SYN-0760,valid,false,false,,,0,true
SYN-0761,valid,false,false,,,0,true
SYN-0762,valid,false,false,,,0,true
SYN-0763,valid,false,false,,,0,true
SYN-0764,valid,false,false,,,0,true
SYN-0765,valid,false,false,,,0,true
SYN-0766,valid,false,false,,,0,true
SYN-0767,valid,false,false,,,0,true
SYN-0768,valid,false,false,,,0,true
SYN-0769,valid,false,false,,,0,true
SYN-0770,valid,false,false,,,0,true
SYN-0771,valid,false,false,,,0,true
SYN-0772,valid,false,false,,,0,true
SYN-0773,valid,false,false,,,0,true
SYN-0774,valid,false,false,,,0,true
SYN-0775,valid,false,false,,,0,true
SYN-0776,valid,false,false,,,0,true
SYN-0777,valid,false,false,,,0,true
SYN-0778,valid,false,false,,,0,true
SYN-0779,valid,false,false,,,0,true
SYN-0780,valid,false,false,,,0,true
SYN-0781,valid,false,false,,,0,true
SYN-0782,valid,false,false,,,0,true
SYN-0783,valid,false,false,,,0,true
SYN-0784,valid,false,false,,,0,true
SYN-0785,valid,false,false,,,0,true
SYN-0786,valid,false,false,,,0,true
SYN-0787,valid,false,false,,,0,true
SYN-0788,valid,false,false,,,0,true
SYN-0789,valid,false,false,,,0,true
SYN-0790,valid,false,false,,,0,true
SYN-0791,valid,false,false,,,0,true
SYN-0792,valid,false,false,,,0,true
SYN-0793,valid,false,false,,,0,true
SYN-0794,valid,false,false,,,0,true
SYN-0795,valid,false,false,,,0,true
SYN-0796,valid,false,false,,,0,true
SYN-0797,valid,false,false,,,0,true
SYN-0798,valid,false,false,,,0,true
SYN-0799,valid,false,false,,,0,true
SYN-0800,valid,false,false,,,0,true
SYN-0801,valid,false,false,,,0,true
SYN-0802,valid,false,false,,,0,true
SYN-0803,valid,false,false,,,0,true
SYN-0804,valid,false,false,,,0,true
SYN-0805,valid,false,false,,,0,true
SYN-0806,valid,false,false,,,0,true
SYN-0807,valid,false,false,,,0,true
SYN-0808,valid,false,false,,,0,true
SYN-0809,valid,false,false,,,0,true
SYN-0810,valid,false,false,,,0,true
SYN-0811,valid,false,false,,,0,true
SYN-0812,valid,false,false,,,0,true
SYN-0813,valid,false,false,,,0,true
SYN-0814,valid,false,false,,,0,true
SYN-0815,valid,false,false,,,0,true
SYN-0816,valid,false,false,,,0,true
SYN-0817,valid,false,false,,,0,true
SYN-0818,valid,false,false,,,0,true
SYN-0819,valid,false,false,,,0,true
SYN-0820,valid,false,false,,,0,true
SYN-0821,valid,false,false,,,0,true
SYN-0822,valid,false,false,,,0,true
SYN-0823,valid,false,false,,,0,true
SYN-0824,valid,false,false,,,0,true
SYN-0825,valid,false,false,,,0,true
SYN-0826,valid,false,false,,,0,true
SYN-0827,valid,false,false,,,0,true
SYN-0828,valid,false,false,,,0,true
SYN-0829,valid,false,false,,,0,true
SYN-0830,valid,false,false,,,0,true
SYN-0831,valid,false,false,,,0,true
SYN-0832,valid,false,false,,,0,true
SYN-0833,valid,false,false,,,0,true
SYN-0834,valid,false,false,,,0,true
SYN-0835,valid,false,false,,,0,true
SYN-0836,valid,false,false,,,0,true
SYN-0837,valid,false,false,,,0,true
SYN-0838,valid,false,false,,,0,true
SYN-0839,valid,false,false,,,0,true
SYN-0840,valid,false,false,,,0,true
SYN-0841,valid,false,false,,,0,true
SYN-0842,valid,false,false,,,0,true
SYN-0843,valid,false,false,,,0,true
SYN-0844,valid,false,false,,,0,true
SYN-0845,valid,false,false,,,0,true
SYN-0846,valid,false,false,,,0,true
SYN-0847,valid,false,false,,,0,true
SYN-0848,valid,false,false,,,0,true
SYN-0849,valid,false,false,,,0,true
SYN-0850,valid,false,false,,,0,true
SYN-0851,valid,false,false,,,0,true
SYN-0852,valid,false,false,,,0,true
SYN-0853,valid,false,false,,,0,true
SYN-0854,valid,false,false,,,0,true
SYN-0855,valid,false,false,,,0,true
SYN-0856,valid,false,false,,,0,true
SYN-0857,valid,false,false,,,0,true
SYN-0858,valid,false,false,,,0,true
SYN-0859,valid,false,false,,,0,true
SYN-0860,valid,false,false,,,0,true
SYN-0861,valid,false,false,,,0,true
SYN-0862,valid,false,false,,,0,true
SYN-0863,valid,false,false,,,0,true
SYN-0864,valid,false,false,,,0,true
SYN-0865,valid,false,false,,,0,true
SYN-0866,valid,false,false,,,0,true
SYN-0867,valid,false,false,,,0,true
SYN-0868,valid,false,false,,,0,true
SYN-0869,valid,false,false,,,0,true
SYN-0870,valid,false,false,,,0,true
SYN-0871,valid,false,false,,,0,true
SYN-0872,valid,false,false,,,0,true
SYN-0873,valid,false,false,,,0,true
SYN-0874,valid,false,false,,,0,true
SYN-0875,valid,false,false,,,0,true
SYN-0876,valid,false,false,,,0,true
SYN-0877,valid,false,false,,,0,true
SYN-0878,valid,false,false,,,0,true
SYN-0879,valid,false,false,,,0,true
SYN-0880,valid,false,false,,,0,true
SYN-0881,valid,false,false,,,0,true
SYN-0882,valid,false,false,,,0,true
SYN-0883,valid,false,false,,,0,true
SYN-0884,valid,false,false,,,0,true
SYN-0885,valid,false,false,,,0,true
SYN-0886,valid,false,false,,,0,true
SYN-0887,valid,false,false,,,0,true
SYN-0888,valid,false,false,,,0,true
SYN-0889,valid,false,false,,,0,true
SYN-0890,valid,false,false,,,0,true
SYN-0891,valid,false,false,,,0,true
SYN-0892,valid,false,false,,,0,true
SYN-0893,valid,false,false,,,0,true
SYN-0894,valid,false,false,,,0,true
SYN-0895,valid,false,false,,,0,true
SYN-0896,valid,false,false,,,0,true
SYN-0897,valid,false,false,,,0,true
SYN-0898,valid,false,false,,,0,true
SYN-0899,valid,false,false,,,0,true
SYN-0900,valid,false,false,,,0,true
SYN-0901,valid,false,false,,,0,true
SYN-0902,valid,false,false,,,0,true
SYN-0903,valid,false,false,,,0,true
SYN-0904,valid,false,false,,,0,true
SYN-0905,valid,false,false,,,0,true
SYN-0906,valid,false,false,,,0,true
SYN-0907,valid,false,false,,,0,true
SYN-0908,valid,false,false,,,0,true
SYN-0909,valid,false,false,,,0,true
SYN-0910,valid,false,false,,,0,true
SYN-0911,valid,false,false,,,0,true
SYN-0912,valid,false,false,,,0,true
SYN-0913,valid,false,false,,,0,true
SYN-0914,valid,false,false,,,0,true
SYN-0915,valid,false,false,,,0,true
SYN-0916,valid,false,false,,,0,true
SYN-0917,valid,false,false,,,0,true
SYN-0918,valid,false,false,,,0,true
SYN-0919,valid,false,false,,,0,true
SYN-0920,valid,false,false,,,0,true
SYN-0921,valid,false,false,,,0,true
SYN-0922,valid,false,false,,,0,true
SYN-0923,valid,false,false,,,0,true
SYN-0924,valid,false,false,,,0,true
SYN-0925,valid,false,false,,,0,true
SYN-0926,valid,false,false,,,0,true
SYN-0927,valid,false,false,,,0,true
SYN-0928,valid,false,false,,,0,true
SYN-0929,valid,false,false,,,0,true
SYN-0930,valid,false,false,,,0,true
SYN-0931,valid,false,false,,,0,true
SYN-0932,valid,false,false,,,0,true
SYN-0933,valid,false,false,,,0,true
SYN-0934,valid,false,false,,,0,true
SYN-0935,valid,false,false,,,0,true
SYN-0936,valid,false,false,,,0,true
SYN-0937,valid,false,false,,,0,true
SYN-0938,valid,false,false,,,0,true
SYN-0939,valid,false,false,,,0,true
SYN-0940,valid,false,false,,,0,true
SYN-0941,valid,false,false,,,0,true
SYN-0942,valid,false,false,,,0,true
SYN-0943,valid,false,false,,,0,true
SYN-0944,valid,false,false,,,0,true
SYN-0945,valid,false,false,,,0,true
SYN-0946,valid,false,false,,,0,true
SYN-0947,valid,false,false,,,0,true
SYN-0948,valid,false,false,,,0,true
SYN-0949,valid,false,false,,,0,true
SYN-0950,valid,false,false,,,0,true
SYN-0951,valid,false,false,,,0,true
SYN-0952,valid,false,false,,,0,true
SYN-0953,valid,false,false,,,0,true
SYN-0954,valid,false,false,,,0,true
SYN-0955,valid,false,false,,,0,true
SYN-0956,valid,false,false,,,0,true
SYN-0957,valid,false,false,,,0,true
SYN-0958,valid,false,false,,,0,true
SYN-0959,valid,false,false,,,0,true
SYN-0960,valid,false,false,,,0,true
SYN-0961,valid,false,false,,,0,true
SYN-0962,valid,false,false,,,0,true
SYN-0963,valid,false,false,,,0,true
SYN-0964,valid,false,false,,,0,true
SYN-0965,valid,false,false,,,0,true
SYN-0966,valid,false,false,,,0,true
SYN-0967,valid,false,false,,,0,true
SYN-0968,valid,false,false,,,0,true
SYN-0969,valid,false,false,,,0,true
SYN-0970,valid,false,false,,,0,true
SYN-0971,valid,false,false,,,0,true
SYN-0972,valid,false,false,,,0,true
SYN-0973,valid,false,false,,,0,true
SYN-0974,valid,false,false,,,0,true
SYN-0975,valid,false,false,,,0,true
SYN-0976,valid,false,false,,,0,true
SYN-0977,valid,false,false,,,0,true
SYN-0978,valid,false,false,,,0,true
SYN-0979,valid,false,false,,,0,true
SYN-0980,valid,false,false,,,0,true
SYN-0981,valid,false,false,,,0,true
SYN-0982,valid,false,false,,,0,true
SYN-0983,valid,false,false,,,0,true
SYN-0984,valid,false,false,,,0,true
SYN-0985,valid,false,false,,,0,true
SYN-0986,valid,false,false,,,0,true
SYN-0987,valid,false,false,,,0,true
SYN-0988,valid,false,false,,,0,true
SYN-0989,valid,false,false,,,0,true
SYN-0990,valid,false,false,,,0,true
SYN-0991,valid,false,false,,,0,true
SYN-0992,valid,false,false,,,0,true
SYN-0993,valid,false,false,,,0,true
SYN-0994,valid,false,false,,,0,true
SYN-0995,valid,false,false,,,0,true
SYN-0996,valid,false,false,,,0,true
SYN-0997,valid,false,false,,,0,true
SYN-0998,valid,false,false,,,0,true
SYN-0999,valid,false,false,,,0,true
SYN-1000,valid,false,false,,,0,true
SYN-1001,valid,false,false,,,0,true
SYN-1002,valid,false,false,,,0,true
SYN-1003,valid,false,false,,,0,true
SYN-1004,valid,false,false,,,0,true
SYN-1005,valid,false,false,,,0,true
SYN-1006,valid,false,false,,,0,true
SYN-1007,valid,false,false,,,0,true
SYN-1008,valid,false,false,,,0,true
SYN-1009,valid,false,false,,,0,true
SYN-1010,valid,false,false,,,0,true
SYN-1011,valid,false,false,,,0,true
SYN-1012,valid,false,false,,,0,true
SYN-1013,valid,false,false,,,0,true
SYN-1014,valid,false,false,,,0,true
SYN-1015,valid,false,false,,,0,true
SYN-1016,valid,false,false,,,0,true
SYN-1017,valid,false,false,,,0,true
SYN-1018,valid,false,false,,,0,true
SYN-1019,valid,false,false,,,0,true
SYN-1020,valid,false,false,,,0,true
SYN-1021,valid,false,false,,,0,true
SYN-1022,valid,false,false,,,0,true
SYN-1023,valid,false,false,,,0,true
SYN-1024,valid,false,false,,,0,true
SYN-1025,valid,false,false,,,0,true
SYN-1026,valid,false,false,,,0,true
SYN-1027,valid,false,false,,,0,true
SYN-1028,valid,false,false,,,0,true
SYN-1029,valid,false,false,,,0,true
SYN-1030,valid,false,false,,,0,true
SYN-1031,valid,false,false,,,0,true
SYN-1032,valid,false,false,,,0,true
SYN-1033,valid,false,false,,,0,true
SYN-1034,valid,false,false,,,0,true
SYN-1035,valid,false,false,,,0,true
SYN-1036,valid,false,false,,,0,true
SYN-1037,valid,false,false,,,0,true
SYN-1038,valid,false,false,,,0,true
SYN-1039,valid,false,false,,,0,true
SYN-1040,valid,false,false,,,0,true
SYN-1041,valid,false,false,,,0,true
SYN-1042,valid,false,false,,,0,true
SYN-1043,valid,false,false,,,0,true
SYN-1044,valid,false,false,,,0,true
SYN-1045,valid,false,false,,,0,true
SYN-1046,valid,false,false,,,0,true
SYN-1047,valid,false,false,,,0,true
SYN-1048,valid,false,false,,,0,true
SYN-1049,valid,false,false,,,0,true
SYN-1050,valid,false,false,,,0,true
SYN-1051,valid,false,false,,,0,true
SYN-1052,valid,false,false,,,0,true
SYN-1053,valid,false,false,,,0,true
SYN-1054,valid,false,false,,,0,true
SYN-1055,valid,false,false,,,0,true
SYN-1056,valid,false,false,,,0,true
SYN-1057,valid,false,false,,,0,true
SYN-1058,valid,false,false,,,0,true
SYN-1059,valid,false,false,,,0,true
SYN-1060,valid,false,false,,,0,true
SYN-1061,valid,false,false,,,0,true
SYN-1062,valid,false,false,,,0,true
SYN-1063,valid,false,false,,,0,true
SYN-1064,valid,false,false,,,0,true
SYN-1065,valid,false,false,,,0,true
SYN-1066,valid,false,false,,,0,true
SYN-1067,valid,false,false,,,0,true
SYN-1068,valid,false,false,,,0,true
SYN-1069,valid,false,false,,,0,true
SYN-1070,valid,false,false,,,0,true
SYN-1071,valid,false,false,,,0,true
SYN-1072,valid,false,false,,,0,true
SYN-1073,valid,false,false,,,0,true
SYN-1074,valid,false,false,,,0,true
SYN-1075,valid,false,false,,,0,true
SYN-1076,valid,false,false,,,0,true
SYN-1077,valid,false,false,,,0,true
SYN-1078,valid,false,false,,,0,true
SYN-1079,valid,false,false,,,0,true
SYN-1080,valid,false,false,,,0,true
SYN-1081,valid,false,false,,,0,true
SYN-1082,valid,false,false,,,0,true
SYN-1083,valid,false,false,,,0,true
SYN-1084,valid,false,false,,,0,true
SYN-1085,valid,false,false,,,0,true
SYN-1086,valid,false,false,,,0,true
SYN-1087,valid,false,false,,,0,true
SYN-1088,valid,false,false,,,0,true
SYN-1089,valid,false,false,,,0,true
SYN-1090,valid,false,false,,,0,true
SYN-1091,valid,false,false,,,0,true
SYN-1092,valid,false,false,,,0,true
SYN-1093,valid,false,false,,,0,true
SYN-1094,valid,false,false,,,0,true
SYN-1095,valid,false,false,,,0,true
SYN-1096,valid,false,false,,,0,true
SYN-1097,valid,false,false,,,0,true
SYN-1098,valid,false,false,,,0,true
SYN-1099,valid,false,false,,,0,true
SYN-1100,valid,false,false,,,0,true
SYN-1101,valid,false,false,,,0,true
SYN-1102,valid,false,false,,,0,true
SYN-1103,valid,false,false,,,0,true
SYN-1104,valid,false,false,,,0,true
SYN-1105,valid,false,false,,,0,true
SYN-1106,valid,false,false,,,0,true
SYN-1107,valid,false,false,,,0,true
SYN-1108,valid,false,false,,,0,true
SYN-1109,valid,false,false,,,0,true
SYN-1110,valid,false,false,,,0,true
SYN-1111,valid,false,false,,,0,true
SYN-1112,valid,false,false,,,0,true
SYN-1113,valid,false,false,,,0,true
SYN-1114,valid,false,false,,,0,true
SYN-1115,valid,false,false,,,0,true
SYN-1116,valid,false,false,,,0,true
SYN-1117,valid,false,false,,,0,true
SYN-1118,valid,false,false,,,0,true
SYN-1119,valid,false,false,,,0,true
SYN-1120,valid,false,false,,,0,true
SYN-1121,valid,false,false,,,0,true
SYN-1122,valid,false,false,,,0,true
SYN-1123,valid,false,false,,,0,true
SYN-1124,valid,false,false,,,0,true
SYN-1125,valid,false,false,,,0,true
SYN-1126,valid,false,false,,,0,true
SYN-1127,valid,false,false,,,0,true
SYN-1128,valid,false,false,,,0,true
SYN-1129,valid,false,false,,,0,true
SYN-1130,valid,false,false,,,0,true
SYN-1131,valid,false,false,,,0,true
SYN-1132,valid,false,false,,,0,true
SYN-1133,valid,false,false,,,0,true
SYN-1134,valid,false,false,,,0,true
SYN-1135,valid,false,false,,,0,true
SYN-1136,valid,false,false,,,0,true
SYN-1137,valid,false,false,,,0,true
SYN-1138,valid,false,false,,,0,true
SYN-1139,valid,false,false,,,0,true
SYN-1140,valid,false,false,,,0,true
SYN-1141,valid,false,false,,,0,true
SYN-1142,valid,false,false,,,0,true
SYN-1143,valid,false,false,,,0,true
SYN-1144,valid,false,false,,,0,true
SYN-1145,valid,false,false,,,0,true
SYN-1146,valid,false,false,,,0,true
SYN-1147,valid,false,false,,,0,true
SYN-1148,valid,false,false,,,0,true
SYN-1149,valid,false,false,,,0,true
SYN-1150,valid,false,false,,,0,true
SYN-1151,valid,false,false,,,0,true
SYN-1152,valid,false,false,,,0,true
SYN-1153,valid,false,false,,,0,true
SYN-1154,valid,false,false,,,0,true
SYN-1155,valid,false,false,,,0,true
SYN-1156,valid,false,false,,,0,true
SYN-1157,valid,false,false,,,0,true
SYN-1158,valid,false,false,,,0,true
SYN-1159,valid,false,false,,,0,true
SYN-1160,valid,false,false,,,0,true
SYN-1161,valid,false,false,,,0,true
SYN-1162,valid,false,false,,,0,true
SYN-1163,valid,false,false,,,0,true
SYN-1164,valid,false,false,,,0,true
SYN-1165,valid,false,false,,,0,true
SYN-1166,valid,false,false,,,0,true
SYN-1167,valid,false,false,,,0,true
SYN-1168,valid,false,false,,,0,true
SYN-1169,valid,false,false,,,0,true
SYN-1170,valid,false,false,,,0,true
SYN-1171,valid,false,false,,,0,true
SYN-1172,valid,false,false,,,0,true
SYN-1173,valid,false,false,,,0,true
SYN-1174,valid,false,false,,,0,true
SYN-1175,valid,false,false,,,0,true
SYN-1176,valid,false,false,,,0,true
SYN-1177,valid,false,false,,,0,true
SYN-1178,valid,false,false,,,0,true
SYN-1179,valid,false,false,,,0,true
SYN-1180,valid,false,false,,,0,true
SYN-1181,valid,false,false,,,0,true
SYN-1182,valid,false,false,,,0,true
SYN-1183,valid,false,false,,,0,true
SYN-1184,valid,false,false,,,0,true
SYN-1185,valid,false,false,,,0,true
SYN-1186,valid,false,false,,,0,true
SYN-1187,valid,false,false,,,0,true
SYN-1188,valid,false,false,,,0,true
SYN-1189,valid,false,false,,,0,true
SYN-1190,valid,false,false,,,0,true
SYN-1191,valid,false,false,,,0,true
SYN-1192,valid,false,false,,,0,true
SYN-1193,valid,false,false,,,0,true
SYN-1194,valid,false,false,,,0,true
SYN-1195,valid,false,false,,,0,true
SYN-1196,valid,false,false,,,0,true
SYN-1197,valid,false,false,,,0,true
SYN-1198,valid,false,false,,,0,true
SYN-1199,valid,false,false,,,0,true
SYN-1200,valid,false,false,,,0,true
SYN-1201,valid,false,false,,,0,true
SYN-1202,valid,false,false,,,0,true
SYN-1203,valid,false,false,,,0,true
SYN-1204,valid,false,false,,,0,true
SYN-1205,valid,false,false,,,0,true
SYN-1206,valid,false,false,,,0,true
SYN-1207,valid,false,false,,,0,true
SYN-1208,valid,false,false,,,0,true
SYN-1209,valid,false,false,,,0,true
SYN-1210,valid,false,false,,,0,true
SYN-1211,valid,false,false,,,0,true
SYN-1212,valid,false,false,,,0,true
SYN-1213,valid,false,false,,,0,true
SYN-1214,valid,false,false,,,0,true
SYN-1215,valid,false,false,,,0,true
SYN-1216,valid,false,false,,,0,true
SYN-1217,valid,false,false,,,0,true
SYN-1218,valid,false,false,,,0,true
SYN-1219,valid,false,false,,,0,true
SYN-1220,valid,false,false,,,0,true
SYN-1221,valid,false,false,,,0,true
SYN-1222,valid,false,false,,,0,true
SYN-1223,valid,false,false,,,0,true
SYN-1224,valid,false,false,,,0,true
SYN-1225,valid,false,false,,,0,true
SYN-1226,valid,false,false,,,0,true
SYN-1227,valid,false,false,,,0,true
SYN-1228,valid,false,false,,,0,true
SYN-1229,valid,false,false,,,0,true
SYN-1230,valid,false,false,,,0,true
SYN-1231,valid,false,false,,,0,true
SYN-1232,valid,false,false,,,0,true
SYN-1233,valid,false,false,,,0,true
SYN-1234,valid,false,false,,,0,true
SYN-1235,valid,false,false,,,0,true
SYN-1236,valid,false,false,,,0,true
SYN-1237,valid,false,false,,,0,true
SYN-1238,valid,false,false,,,0,true
SYN-1239,valid,false,false,,,0,true
SYN-1240,valid,false,false,,,0,true
SYN-1241,valid,false,false,,,0,true
SYN-1242,valid,false,false,,,0,true
SYN-1243,valid,false,false,,,0,true
SYN-1244,valid,false,false,,,0,true
SYN-1245,valid,false,false,,,0,true
SYN-1246,valid,false,false,,,0,true
SYN-1247,valid,false,false,,,0,true
SYN-1248,valid,false,false,,,0,true
SYN-1249,valid,false,false,,,0,true
SYN-1250,valid,false,false,,,0,true
SYN-1251,valid,false,false,,,0,true
SYN-1252,valid,false,false,,,0,true
SYN-1253,valid,false,false,,,0,true
SYN-1254,valid,false,false,,,0,true
SYN-1255,valid,false,false,,,0,true
SYN-1256,valid,false,false,,,0,true
SYN-1257,valid,false,false,,,0,true
SYN-1258,valid,false,false,,,0,true
SYN-1259,valid,false,false,,,0,true
SYN-1260,valid,false,false,,,0,true
SYN-1261,valid,false,false,,,0,true
SYN-1262,valid,false,false,,,0,true
SYN-1263,valid,false,false,,,0,true
SYN-1264,valid,false,false,,,0,true
SYN-1265,valid,false,false,,,0,true
SYN-1266,valid,false,false,,,0,true
SYN-1267,valid,false,false,,,0,true
SYN-1268,valid,false,false,,,0,true
SYN-1269,valid,false,false,,,0,true
SYN-1270,valid,false,false,,,0,true
SYN-1271,valid,false,false,,,0,true
SYN-1272,valid,false,false,,,0,true
SYN-1273,valid,false,false,,,0,true
SYN-1274,valid,false,false,,,0,true
SYN-1275,valid,false,false,,,0,true
SYN-1276,valid,false,false,,,0,true
SYN-1277,valid,false,false,,,0,true
SYN-1278,valid,false,false,,,0,true
SYN-1279,valid,false,false,,,0,true
SYN-1280,valid,false,false,,,0,true
SYN-1281,valid,false,false,,,0,true
SYN-1282,valid,false,false,,,0,true
SYN-1283,valid,false,false,,,0,true
SYN-1284,valid,false,false,,,0,true
SYN-1285,valid,false,false,,,0,true
SYN-1286,valid,false,false,,,0,true
SYN-1287,valid,false,false,,,0,true
SYN-1288,valid,false,false,,,0,true
SYN-1289,valid,false,false,,,0,true
SYN-1290,valid,false,false,,,0,true
SYN-1291,valid,false,false,,,0,true
SYN-1292,valid,false,false,,,0,true
SYN-1293,valid,false,false,,,0,true
SYN-1294,valid,false,false,,,0,true
SYN-1295,valid,false,false,,,0,true
SYN-1296,valid,false,false,,,0,true
SYN-1297,valid,false,false,,,0,true
SYN-1298,valid,false,false,,,0,true
SYN-1299,valid,false,false,,,0,true
SYN-1300,valid,false,false,,,0,true
SYN-1301,valid,false,false,,,0,true
SYN-1302,valid,false,false,,,0,true
SYN-1303,valid,false,false,,,0,true
SYN-1304,valid,false,false,,,0,true
SYN-1305,valid,false,false,,,0,true
SYN-1306,valid,false,false,,,0,true
SYN-1307,valid,false,false,,,0,true
SYN-1308,valid,false,false,,,0,true
SYN-1309,valid,false,false,,,0,true
SYN-1310,valid,false,false,,,0,true
SYN-1311,valid,false,false,,,0,true
SYN-1312,valid,false,false,,,0,true
SYN-1313,valid,false,false,,,0,true
SYN-1314,valid,false,false,,,0,true
SYN-1315,valid,false,false,,,0,true
SYN-1316,valid,false,false,,,0,true
SYN-1317,valid,false,false,,,0,true
SYN-1318,valid,false,false,,,0,true
SYN-1319,valid,false,false,,,0,true
SYN-1320,valid,false,false,,,0,true
SYN-1321,valid,false,false,,,0,true
SYN-1322,valid,false,false,,,0,true
SYN-1323,valid,false,false,,,0,true
SYN-1324,valid,false,false,,,0,true
SYN-1325,valid,false,false,,,0,true
SYN-1326,valid,false,false,,,0,true
SYN-1327,valid,false,false,,,0,true
SYN-1328,valid,false,false,,,0,true
SYN-1329,valid,false,false,,,0,true
SYN-1330,valid,false,false,,,0,true
SYN-1331,valid,false,false,,,0,true
SYN-1332,valid,false,false,,,0,true
SYN-1333,valid,false,false,,,0,true
SYN-1334,valid,false,false,,,0,true
SYN-1335,valid,false,false,,,0,true
SYN-1336,valid,false,false,,,0,true
SYN-1337,valid,false,false,,,0,true
SYN-1338,valid,false,false,,,0,true
SYN-1339,valid,false,false,,,0,true
SYN-1340,valid,false,false,,,0,true
SYN-1341,valid,false,false,,,0,true
SYN-1342,valid,false,false,,,0,true
SYN-1343,valid,false,false,,,0,true
SYN-1344,valid,false,false,,,0,true
SYN-1345,valid,false,false,,,0,true
SYN-1346,valid,false,false,,,0,true
SYN-1347,valid,false,false,,,0,true
SYN-1348,valid,false,false,,,0,true
SYN-1349,valid,false,false,,,0,true
SYN-1350,valid,false,false,,,0,true
SYN-1351,geofence_boundary_valid,false,true,,G,40,false
SYN-1352,geofence_boundary_valid,false,true,,G,40,false
SYN-1353,geofence_boundary_valid,false,true,,G,40,false
SYN-1354,geofence_boundary_valid,false,true,,G,40,false
SYN-1355,geofence_boundary_valid,false,true,,G,40,false
SYN-1356,geofence_boundary_valid,false,true,,G,40,false
SYN-1357,geofence_boundary_valid,false,true,,G,40,false
SYN-1358,geofence_boundary_valid,false,true,,G,40,false
SYN-1359,yield_edge_valid,false,true,,Y,30,true
SYN-1360,yield_edge_valid,false,true,,Y,30,true
SYN-1361,yield_edge_valid,false,true,,Y,30,true
SYN-1362,yield_edge_valid,false,true,,Y,30,true
SYN-1363,yield_edge_valid,false,true,,Y,30,true
SYN-1364,yield_edge_valid,false,true,,Y,30,true
SYN-1365,yield_edge_valid,false,true,,Y,30,true
SYN-1366,yield_edge_valid,false,true,,Y,30,true
SYN-1367,yield_edge_valid,false,true,,Y,30,true
SYN-1368,yield_edge_valid,false,true,,Y,30,true
SYN-1369,duplicate_document_valid,false,true,,D,100,false
SYN-1370,duplicate_document_valid,false,true,,D,100,false
SYN-1371,duplicate_document_valid,false,true,,D,100,false
SYN-1372,duplicate_document_valid,false,true,,D,100,false
SYN-1373,duplicate_document_valid,false,true,,D,100,false
SYN-1374,duplicate_document_valid,false,true,,D,100,false
SYN-1375,duplicate_document_valid,false,true,,D,100,false
SYN-1376,temporal_bulk_entry_valid,false,true,,T,15,true
SYN-1377,temporal_bulk_entry_valid,false,true,,T,15,true
SYN-1378,temporal_bulk_entry_valid,false,true,,T,15,true
SYN-1379,temporal_bulk_entry_valid,false,true,,T,15,true
SYN-1380,temporal_bulk_entry_valid,false,true,,T,15,true
SYN-1381,temporal_bulk_entry_valid,false,true,,T,15,true
SYN-1382,temporal_bulk_entry_valid,false,true,,T,15,true
SYN-1383,temporal_bulk_entry_valid,false,true,,T,15,true
SYN-1384,temporal_bulk_entry_valid,false,true,,T,15,true
SYN-1385,temporal_bulk_entry_valid,false,true,,T,15,true
SYN-1386,role_proxy_valid,false,true,,R,20,false
SYN-1387,role_proxy_valid,false,true,,R,20,false
SYN-1388,role_proxy_valid,false,true,,R,20,false
SYN-1389,role_proxy_valid,false,true,,R,20,false
SYN-1390,role_proxy_valid,false,true,,R,20,false
SYN-1391,weight_moisture_loss_valid,false,true,,W,30,true
SYN-1392,weight_moisture_loss_valid,false,true,,W,30,true
SYN-1393,weight_moisture_loss_valid,false,true,,W,30,true
SYN-1394,weight_moisture_loss_valid,false,true,,W,30,true
SYN-1395,weight_moisture_loss_valid,false,true,,W,30,true
SYN-1396,weight_moisture_loss_valid,false,true,,W,30,true
SYN-1397,weight_moisture_loss_valid,false,true,,W,30,true
SYN-1398,weight_moisture_loss_valid,false,true,,W,30,true
SYN-1399,weight_moisture_loss_valid,false,true,,W,30,true
SYN-1400,weight_moisture_loss_valid,false,true,,W,30,true
SYN-1401,degraded_gps_valid,false,true,,A,20,true
SYN-1402,degraded_gps_valid,false,true,,A,20,true
SYN-1403,degraded_gps_valid,false,true,,A,20,true
SYN-1404,degraded_gps_valid,false,true,,A,20,true
SYN-1405,degraded_gps_valid,false,true,,A,20,true
SYN-1406,degraded_gps_valid,false,true,,A,20,true
SYN-1407,degraded_gps_valid,false,true,,A,20,true
SYN-1408,degraded_gps_valid,false,true,,A,20,true
SYN-1409,degraded_gps_valid,false,true,,A,20,true
SYN-1410,degraded_gps_valid,false,true,,A,20,true
SYN-1411,degraded_gps_valid,false,true,,A,20,true
SYN-1412,degraded_gps_valid,false,true,,A,20,true
SYN-1413,degraded_gps_valid,false,true,,A,20,true
SYN-1414,degraded_gps_valid,false,true,,A,20,true
SYN-1415,degraded_gps_valid,false,true,,A,20,true
SYN-1416,degraded_gps_valid,false,true,,A,20,true
SYN-1417,degraded_gps_valid,false,true,,A,20,true
SYN-1418,degraded_gps_valid,false,true,,A,20,true
SYN-1419,degraded_gps_valid,false,true,,A,20,true
SYN-1420,degraded_gps_valid,false,true,,A,20,true
SYN-1421,degraded_gps_valid,false,true,,A,20,true
SYN-1422,degraded_gps_valid,false,true,,A,20,true
SYN-1423,degraded_gps_valid,false,true,,A,20,true
SYN-1424,degraded_gps_valid,false,true,,A,20,true
SYN-1425,degraded_gps_valid,false,true,,A,20,true
SYN-1426,degraded_gps_valid,false,true,,A,20,true
SYN-1427,degraded_gps_valid,false,true,,A,20,true
SYN-1428,degraded_gps_valid,false,true,,A,20,true
SYN-1429,degraded_gps_valid,false,true,,A,20,true
SYN-1430,degraded_gps_valid,false,true,,A,20,true
SYN-1431,geofence,true,true,G,G,40,false
SYN-1432,geofence,true,true,G,G,40,false
SYN-1433,geofence,true,true,G,G,40,false
SYN-1434,geofence,true,true,G,G,40,false
SYN-1435,geofence,true,true,G,G,40,false
SYN-1436,geofence,true,true,G,G,40,false
SYN-1437,geofence,true,true,G,G,40,false
SYN-1438,geofence,true,true,G,G,40,false
SYN-1439,geofence,true,true,G,G,40,false
SYN-1440,geofence,true,true,G,G,40,false
SYN-1441,geofence,true,true,G,G,40,false
SYN-1442,geofence,true,true,G,G,40,false
SYN-1443,geofence,true,true,G,G,40,false
SYN-1444,geofence,true,true,G,G,40,false
SYN-1445,geofence,true,true,G,G,40,false
SYN-1446,geofence,true,true,G,G,40,false
SYN-1447,geofence,true,true,G,G,40,false
SYN-1448,geofence,true,true,G,G,40,false
SYN-1449,geofence,true,true,G,G,40,false
SYN-1450,geofence,true,true,G,G,40,false
SYN-1451,geofence,true,true,G,G,40,false
SYN-1452,geofence,true,true,G,G,40,false
SYN-1453,geofence,true,true,G,G,40,false
SYN-1454,geofence,true,true,G,G,40,false
SYN-1455,geofence,true,true,G,G,40,false
SYN-1456,geofence,true,true,G,G,40,false
SYN-1457,geofence,true,true,G,G,40,false
SYN-1458,geofence,true,true,G,G,40,false
SYN-1459,geofence,true,true,G,G,40,false
SYN-1460,geofence,true,true,G,G,40,false
SYN-1461,geofence,true,true,G,G,40,false
SYN-1462,geofence,true,true,G,G,40,false
SYN-1463,geofence,true,true,G,G,40,false
SYN-1464,geofence,true,true,G,G,40,false
SYN-1465,geofence,true,true,G,G,40,false
SYN-1466,geofence,true,true,G,G,40,false
SYN-1467,geofence,true,true,G,G,40,false
SYN-1468,geofence,true,true,G,G,40,false
SYN-1469,geofence,true,true,G,G,40,false
SYN-1470,geofence,true,true,G,G,40,false
SYN-1471,geofence,true,true,G,G,40,false
SYN-1472,geofence,true,true,G,G,40,false
SYN-1473,geofence,true,true,G,G,40,false
SYN-1474,geofence,true,true,G,G,40,false
SYN-1475,geofence,true,true,G,G,40,false
SYN-1476,geofence,true,true,G,G,40,false
SYN-1477,geofence,true,true,G,G,40,false
SYN-1478,geofence,true,true,G,G,40,false
SYN-1479,geofence,true,true,G,G,40,false
SYN-1480,geofence,true,true,G,G,40,false
SYN-1481,geofence,true,true,G,G,40,false
SYN-1482,geofence,true,true,G,G,40,false
SYN-1483,geofence,true,true,G,G,40,false
SYN-1484,geofence,true,true,G,G,40,false
SYN-1485,geofence,true,true,G,G,40,false
SYN-1486,geofence,true,true,G,G,40,false
SYN-1487,geofence,true,true,G,G,40,false
SYN-1488,geofence,true,true,G,G,40,false
SYN-1489,geofence,true,true,G,G,40,false
SYN-1490,geofence,true,true,G,G,40,false
SYN-1491,geofence,true,true,G,G,40,false
SYN-1492,geofence,true,true,G,G,40,false
SYN-1493,geofence,true,true,G,G,40,false
SYN-1494,geofence,true,true,G,G,40,false
SYN-1495,geofence,true,true,G,G,40,false
SYN-1496,geofence,true,true,G,G,40,false
SYN-1497,geofence,true,true,G,G,40,false
SYN-1498,geofence,true,true,G,G,40,false
SYN-1499,geofence,true,true,G,G,40,false
SYN-1500,geofence,true,true,G,G,40,false
SYN-1501,geofence,true,true,G,G,40,false
SYN-1502,geofence,true,true,G,G,40,false
SYN-1503,geofence,true,true,G,G,40,false
SYN-1504,geofence,true,true,G,G,40,false
SYN-1505,geofence,true,true,G,G,40,false
SYN-1506,geofence,true,true,G,G,40,false
SYN-1507,geofence,true,true,G,G,40,false
SYN-1508,geofence,true,true,G,G,40,false
SYN-1509,geofence,true,true,G,G,40,false
SYN-1510,geofence,true,true,G,G,40,false
SYN-1511,geofence,true,true,G,G,40,false
SYN-1512,geofence,true,true,G,G,40,false
SYN-1513,geofence,true,true,G,G,40,false
SYN-1514,geofence,true,true,G,G,40,false
SYN-1515,geofence,true,true,G,G,40,false
SYN-1516,geofence,true,true,G,G,40,false
SYN-1517,geofence,true,true,G,G,40,false
SYN-1518,geofence,true,true,G,G,40,false
SYN-1519,geofence,true,true,G,G,40,false
SYN-1520,geofence,true,true,G,G,40,false
SYN-1521,geofence,true,true,G,G,40,false
SYN-1522,geofence,true,true,G,G,40,false
SYN-1523,geofence,true,true,G,G,40,false
SYN-1524,geofence,true,true,G,G,40,false
SYN-1525,geofence,true,true,G,G,40,false
SYN-1526,geofence,true,true,G,G,40,false
SYN-1527,geofence,true,true,G,G,40,false
SYN-1528,geofence,true,true,G,G,40,false
SYN-1529,geofence,true,true,G,G,40,false
SYN-1530,geofence,true,true,G,G,40,false
SYN-1531,gps_spoof,true,false,G,,0,true
SYN-1532,gps_spoof,true,false,G,,0,true
SYN-1533,gps_spoof,true,false,G,,0,true
SYN-1534,gps_spoof,true,false,G,,0,true
SYN-1535,gps_spoof,true,false,G,,0,true
SYN-1536,gps_spoof,true,false,G,,0,true
SYN-1537,gps_spoof,true,false,G,,0,true
SYN-1538,gps_spoof,true,false,G,,0,true
SYN-1539,gps_spoof,true,false,G,,0,true
SYN-1540,gps_spoof,true,false,G,,0,true
SYN-1541,gps_spoof,true,false,G,,0,true
SYN-1542,gps_spoof,true,false,G,,0,true
SYN-1543,gps_spoof,true,false,G,,0,true
SYN-1544,gps_spoof,true,false,G,,0,true
SYN-1545,gps_spoof,true,false,G,,0,true
SYN-1546,gps_spoof,true,false,G,,0,true
SYN-1547,gps_spoof,true,false,G,,0,true
SYN-1548,gps_spoof,true,false,G,,0,true
SYN-1549,gps_spoof,true,false,G,,0,true
SYN-1550,gps_spoof,true,false,G,,0,true
SYN-1551,yield,true,true,Y,Y,30,true
SYN-1552,yield,true,true,Y,Y,30,true
SYN-1553,yield,true,true,Y,Y,30,true
SYN-1554,yield,true,true,Y,Y,30,true
SYN-1555,yield,true,true,Y,Y,30,true
SYN-1556,yield,true,true,Y,Y,30,true
SYN-1557,yield,true,true,Y,Y,30,true
SYN-1558,yield,true,true,Y,Y,30,true
SYN-1559,yield,true,true,Y,Y,30,true
SYN-1560,yield,true,true,Y,Y,30,true
SYN-1561,yield,true,true,Y,Y,30,true
SYN-1562,yield,true,true,Y,Y,30,true
SYN-1563,yield,true,true,Y,Y,30,true
SYN-1564,yield,true,true,Y,Y,30,true
SYN-1565,yield,true,true,Y,Y,30,true
SYN-1566,yield,true,true,Y,Y,30,true
SYN-1567,yield,true,true,Y,Y,30,true
SYN-1568,yield,true,true,Y,Y,30,true
SYN-1569,yield,true,true,Y,Y,30,true
SYN-1570,yield,true,true,Y,Y,30,true
SYN-1571,yield,true,true,Y,Y,30,true
SYN-1572,yield,true,true,Y,Y,30,true
SYN-1573,yield,true,true,Y,Y,30,true
SYN-1574,yield,true,true,Y,Y,30,true
SYN-1575,yield,true,true,Y,Y,30,true
SYN-1576,yield,true,true,Y,Y,30,true
SYN-1577,yield,true,true,Y,Y,30,true
SYN-1578,yield,true,true,Y,Y,30,true
SYN-1579,yield,true,true,Y,Y,30,true
SYN-1580,yield,true,true,Y,Y,30,true
SYN-1581,yield,true,true,Y,Y,30,true
SYN-1582,yield,true,true,Y,Y,30,true
SYN-1583,yield,true,true,Y,Y,30,true
SYN-1584,yield,true,true,Y,Y,30,true
SYN-1585,yield,true,true,Y,Y,30,true
SYN-1586,yield,true,true,Y,Y,30,true
SYN-1587,yield,true,true,Y,Y,30,true
SYN-1588,yield,true,true,Y,Y,30,true
SYN-1589,yield,true,true,Y,Y,30,true
SYN-1590,yield,true,true,Y,Y,30,true
SYN-1591,yield,true,true,Y,Y,30,true
SYN-1592,yield,true,true,Y,Y,30,true
SYN-1593,yield,true,true,Y,Y,30,true
SYN-1594,yield,true,true,Y,Y,30,true
SYN-1595,yield,true,true,Y,Y,30,true
SYN-1596,yield,true,true,Y,Y,30,true
SYN-1597,yield,true,true,Y,Y,30,true
SYN-1598,yield,true,true,Y,Y,30,true
SYN-1599,yield,true,true,Y,Y,30,true
SYN-1600,yield,true,true,Y,Y,30,true
SYN-1601,yield,true,true,Y,Y,30,true
SYN-1602,yield,true,true,Y,Y,30,true
SYN-1603,yield,true,true,Y,Y,30,true
SYN-1604,yield,true,true,Y,Y,30,true
SYN-1605,yield,true,true,Y,Y,30,true
SYN-1606,yield,true,true,Y,Y,30,true
SYN-1607,yield,true,true,Y,Y,30,true
SYN-1608,yield,true,true,Y,Y,30,true
SYN-1609,yield,true,true,Y,Y,30,true
SYN-1610,yield,true,true,Y,Y,30,true
SYN-1611,yield,true,true,Y,Y,30,true
SYN-1612,yield,true,true,Y,Y,30,true
SYN-1613,yield,true,true,Y,Y,30,true
SYN-1614,yield,true,true,Y,Y,30,true
SYN-1615,yield,true,true,Y,Y,30,true
SYN-1616,yield,true,true,Y,Y,30,true
SYN-1617,yield,true,true,Y,Y,30,true
SYN-1618,yield,true,true,Y,Y,30,true
SYN-1619,yield,true,true,Y,Y,30,true
SYN-1620,yield,true,true,Y,Y,30,true
SYN-1621,yield,true,true,Y,Y,30,true
SYN-1622,yield,true,true,Y,Y,30,true
SYN-1623,yield,true,true,Y,Y,30,true
SYN-1624,yield,true,true,Y,Y,30,true
SYN-1625,yield,true,true,Y,Y,30,true
SYN-1626,yield,true,true,Y,Y,30,true
SYN-1627,yield,true,true,Y,Y,30,true
SYN-1628,yield,true,true,Y,Y,30,true
SYN-1629,yield,true,true,Y,Y,30,true
SYN-1630,yield,true,true,Y,Y,30,true
SYN-1631,yield,true,true,Y,Y,30,true
SYN-1632,yield,true,true,Y,Y,30,true
SYN-1633,yield,true,true,Y,Y,30,true
SYN-1634,yield,true,true,Y,Y,30,true
SYN-1635,yield,true,true,Y,Y,30,true
SYN-1636,yield,true,true,Y,Y,30,true
SYN-1637,yield,true,true,Y,Y,30,true
SYN-1638,yield,true,true,Y,Y,30,true
SYN-1639,yield,true,true,Y,Y,30,true
SYN-1640,yield,true,true,Y,Y,30,true
SYN-1641,yield,true,true,Y,Y,30,true
SYN-1642,yield,true,true,Y,Y,30,true
SYN-1643,yield,true,true,Y,Y,30,true
SYN-1644,yield,true,true,Y,Y,30,true
SYN-1645,yield,true,true,Y,Y,30,true
SYN-1646,yield,true,true,Y,Y,30,true
SYN-1647,yield,true,true,Y,Y,30,true
SYN-1648,yield,true,true,Y,Y,30,true
SYN-1649,yield,true,true,Y,Y,30,true
SYN-1650,yield,true,true,Y,Y,30,true
SYN-1651,duplicate,true,true,D,D,100,false
SYN-1652,duplicate,true,true,D,D,100,false
SYN-1653,duplicate,true,true,D,D,100,false
SYN-1654,duplicate,true,true,D,D,100,false
SYN-1655,duplicate,true,true,D,D,100,false
SYN-1656,duplicate,true,true,D,D,100,false
SYN-1657,duplicate,true,true,D,D,100,false
SYN-1658,duplicate,true,true,D,D,100,false
SYN-1659,duplicate,true,true,D,D,100,false
SYN-1660,duplicate,true,true,D,D,100,false
SYN-1661,duplicate,true,true,D,D,100,false
SYN-1662,duplicate,true,true,D,D,100,false
SYN-1663,duplicate,true,true,D,D,100,false
SYN-1664,duplicate,true,true,D,D,100,false
SYN-1665,duplicate,true,true,D,D,100,false
SYN-1666,duplicate,true,true,D,D,100,false
SYN-1667,duplicate,true,true,D,D,100,false
SYN-1668,duplicate,true,true,D,D,100,false
SYN-1669,duplicate,true,true,D,D,100,false
SYN-1670,duplicate,true,true,D,D,100,false
SYN-1671,duplicate,true,true,D,D,100,false
SYN-1672,duplicate,true,true,D,D,100,false
SYN-1673,duplicate,true,true,D,D,100,false
SYN-1674,duplicate,true,true,D,D,100,false
SYN-1675,duplicate,true,true,D,D,100,false
SYN-1676,duplicate,true,true,D,D,100,false
SYN-1677,duplicate,true,true,D,D,100,false
SYN-1678,duplicate,true,true,D,D,100,false
SYN-1679,duplicate,true,true,D,D,100,false
SYN-1680,duplicate,true,true,D,D,100,false
SYN-1681,duplicate,true,true,D,D,100,false
SYN-1682,duplicate,true,true,D,D,100,false
SYN-1683,duplicate,true,true,D,D,100,false
SYN-1684,duplicate,true,true,D,D,100,false
SYN-1685,duplicate,true,true,D,D,100,false
SYN-1686,duplicate,true,true,D,D,100,false
SYN-1687,duplicate,true,true,D,D,100,false
SYN-1688,duplicate,true,true,D,D,100,false
SYN-1689,duplicate,true,true,D,D,100,false
SYN-1690,duplicate,true,true,D,D,100,false
SYN-1691,duplicate,true,true,D,D,100,false
SYN-1692,duplicate,true,true,D,D,100,false
SYN-1693,duplicate,true,true,D,D,100,false
SYN-1694,duplicate,true,true,D,D,100,false
SYN-1695,duplicate,true,true,D,D,100,false
SYN-1696,duplicate,true,true,D,D,100,false
SYN-1697,duplicate,true,true,D,D,100,false
SYN-1698,duplicate,true,true,D,D,100,false
SYN-1699,duplicate,true,true,D,D,100,false
SYN-1700,duplicate,true,true,D,D,100,false
SYN-1701,duplicate,true,true,D,D,100,false
SYN-1702,duplicate,true,true,D,D,100,false
SYN-1703,duplicate,true,true,D,D,100,false
SYN-1704,duplicate,true,true,D,D,100,false
SYN-1705,duplicate,true,true,D,D,100,false
SYN-1706,duplicate,true,true,D,D,100,false
SYN-1707,duplicate,true,true,D,D,100,false
SYN-1708,duplicate,true,true,D,D,100,false
SYN-1709,duplicate,true,true,D,D,100,false
SYN-1710,duplicate,true,true,D,D,100,false
SYN-1711,duplicate,true,true,D,D,100,false
SYN-1712,duplicate,true,true,D,D,100,false
SYN-1713,duplicate,true,true,D,D,100,false
SYN-1714,duplicate,true,true,D,D,100,false
SYN-1715,duplicate,true,true,D,D,100,false
SYN-1716,duplicate,true,true,D,D,100,false
SYN-1717,duplicate,true,true,D,D,100,false
SYN-1718,duplicate,true,true,D,D,100,false
SYN-1719,duplicate,true,true,D,D,100,false
SYN-1720,duplicate,true,true,D,D,100,false
SYN-1721,duplicate,true,true,D,D,100,false
SYN-1722,duplicate,true,true,D,D,100,false
SYN-1723,duplicate,true,true,D,D,100,false
SYN-1724,duplicate,true,true,D,D,100,false
SYN-1725,duplicate,true,true,D,D,100,false
SYN-1726,duplicate,true,true,D,D,100,false
SYN-1727,duplicate,true,true,D,D,100,false
SYN-1728,duplicate,true,true,D,D,100,false
SYN-1729,duplicate,true,true,D,D,100,false
SYN-1730,duplicate,true,true,D,D,100,false
SYN-1731,duplicate,true,true,D,D,100,false
SYN-1732,duplicate,true,true,D,D,100,false
SYN-1733,duplicate,true,true,D,D,100,false
SYN-1734,duplicate,true,true,D,D,100,false
SYN-1735,duplicate,true,true,D,D,100,false
SYN-1736,duplicate,true,true,D,D,100,false
SYN-1737,duplicate,true,true,D,D,100,false
SYN-1738,duplicate,true,true,D,D,100,false
SYN-1739,duplicate,true,true,D,D,100,false
SYN-1740,duplicate,true,true,D,D,100,false
SYN-1741,duplicate,true,true,D,D,100,false
SYN-1742,duplicate,true,true,D,D,100,false
SYN-1743,duplicate,true,true,D,D,100,false
SYN-1744,duplicate,true,true,D,D,100,false
SYN-1745,duplicate,true,true,D,D,100,false
SYN-1746,duplicate,true,true,D,D,100,false
SYN-1747,duplicate,true,true,D,D,100,false
SYN-1748,duplicate,true,true,D,D,100,false
SYN-1749,duplicate,true,true,D,D,100,false
SYN-1750,duplicate,true,true,D,D,100,false
SYN-1751,temporal,true,true,T,T,15,true
SYN-1752,temporal,true,true,T,T,15,true
SYN-1753,temporal,true,true,T,T,15,true
SYN-1754,temporal,true,true,T,T,15,true
SYN-1755,temporal,true,true,T,T,15,true
SYN-1756,temporal,true,true,T,T,15,true
SYN-1757,temporal,true,true,T,T,15,true
SYN-1758,temporal,true,true,T,T,15,true
SYN-1759,temporal,true,true,T,T,15,true
SYN-1760,temporal,true,true,T,T,15,true
SYN-1761,temporal,true,true,T,T,15,true
SYN-1762,temporal,true,true,T,T,15,true
SYN-1763,temporal,true,true,T,T,15,true
SYN-1764,temporal,true,true,T,T,15,true
SYN-1765,temporal,true,true,T,T,15,true
SYN-1766,temporal,true,true,T,T,15,true
SYN-1767,temporal,true,true,T,T,15,true
SYN-1768,temporal,true,true,T,T,15,true
SYN-1769,temporal,true,true,T,T,15,true
SYN-1770,temporal,true,true,T,T,15,true
SYN-1771,temporal,true,true,T,T,15,true
SYN-1772,temporal,true,true,T,T,15,true
SYN-1773,temporal,true,true,T,T,15,true
SYN-1774,temporal,true,true,T,T,15,true
SYN-1775,temporal,true,true,T,T,15,true
SYN-1776,temporal,true,true,T,T,15,true
SYN-1777,temporal,true,true,T,T,15,true
SYN-1778,temporal,true,true,T,T,15,true
SYN-1779,temporal,true,true,T,T,15,true
SYN-1780,temporal,true,true,T,T,15,true
SYN-1781,temporal,true,true,T,T,15,true
SYN-1782,temporal,true,true,T,T,15,true
SYN-1783,temporal,true,true,T,T,15,true
SYN-1784,temporal,true,true,T,T,15,true
SYN-1785,temporal,true,true,T,T,15,true
SYN-1786,temporal,true,true,T,T,15,true
SYN-1787,temporal,true,true,T,T,15,true
SYN-1788,temporal,true,true,T,T,15,true
SYN-1789,temporal,true,true,T,T,15,true
SYN-1790,temporal,true,true,T,T,15,true
SYN-1791,temporal,true,true,T,T,15,true
SYN-1792,temporal,true,true,T,T,15,true
SYN-1793,temporal,true,true,T,T,15,true
SYN-1794,temporal,true,true,T,T,15,true
SYN-1795,temporal,true,true,T,T,15,true
SYN-1796,temporal,true,true,T,T,15,true
SYN-1797,temporal,true,true,T,T,15,true
SYN-1798,temporal,true,true,T,T,15,true
SYN-1799,temporal,true,true,T,T,15,true
SYN-1800,temporal,true,true,T,T,15,true
SYN-1801,temporal,true,true,T,T,15,true
SYN-1802,temporal,true,true,T,T,15,true
SYN-1803,temporal,true,true,T,T,15,true
SYN-1804,temporal,true,true,T,T,15,true
SYN-1805,temporal,true,true,T,T,15,true
SYN-1806,temporal,true,true,T,T,15,true
SYN-1807,temporal,true,true,T,T,15,true
SYN-1808,temporal,true,true,T,T,15,true
SYN-1809,temporal,true,true,T,T,15,true
SYN-1810,temporal,true,true,T,T,15,true
SYN-1811,temporal,true,true,T,T,15,true
SYN-1812,temporal,true,true,T,T,15,true
SYN-1813,temporal,true,true,T,T,15,true
SYN-1814,temporal,true,true,T,T,15,true
SYN-1815,temporal,true,true,T,T,15,true
SYN-1816,temporal,true,true,T,T,15,true
SYN-1817,temporal,true,true,T,T,15,true
SYN-1818,temporal,true,true,T,T,15,true
SYN-1819,temporal,true,true,T,T,15,true
SYN-1820,temporal,true,true,T,T,15,true
SYN-1821,temporal,true,true,T,T,15,true
SYN-1822,temporal,true,true,T,T,15,true
SYN-1823,temporal,true,true,T,T,15,true
SYN-1824,temporal,true,true,T,T,15,true
SYN-1825,temporal,true,true,T,T,15,true
SYN-1826,temporal,true,true,T,T,15,true
SYN-1827,temporal,true,true,T,T,15,true
SYN-1828,temporal,true,true,T,T,15,true
SYN-1829,temporal,true,true,T,T,15,true
SYN-1830,temporal,true,true,T,T,15,true
SYN-1831,temporal,true,true,T,T,15,true
SYN-1832,temporal,true,true,T,T,15,true
SYN-1833,temporal,true,true,T,T,15,true
SYN-1834,temporal,true,true,T,T,15,true
SYN-1835,temporal,true,true,T,T,15,true
SYN-1836,temporal,true,true,T,T,15,true
SYN-1837,temporal,true,true,T,T,15,true
SYN-1838,temporal,true,true,T,T,15,true
SYN-1839,temporal,true,true,T,T,15,true
SYN-1840,temporal,true,true,T,T,15,true
SYN-1841,temporal,true,true,T,T,15,true
SYN-1842,temporal,true,true,T,T,15,true
SYN-1843,temporal,true,true,T,T,15,true
SYN-1844,temporal,true,true,T,T,15,true
SYN-1845,temporal,true,true,T,T,15,true
SYN-1846,temporal,true,true,T,T,15,true
SYN-1847,temporal,true,true,T,T,15,true
SYN-1848,temporal,true,true,T,T,15,true
SYN-1849,temporal,true,true,T,T,15,true
SYN-1850,temporal,true,true,T,T,15,true
SYN-1851,role,true,true,R,R,20,false
SYN-1852,role,true,true,R,R,20,false
SYN-1853,role,true,true,R,R,20,false
SYN-1854,role,true,true,R,R,20,false
SYN-1855,role,true,true,R,R,20,false
SYN-1856,role,true,true,R,R,20,false
SYN-1857,role,true,true,R,R,20,false
SYN-1858,role,true,true,R,R,20,false
SYN-1859,role,true,true,R,R,20,false
SYN-1860,role,true,true,R,R,20,false
SYN-1861,role,true,true,R,R,20,false
SYN-1862,role,true,true,R,R,20,false
SYN-1863,role,true,true,R,R,20,false
SYN-1864,role,true,true,R,R,20,false
SYN-1865,role,true,true,R,R,20,false
SYN-1866,role,true,true,R,R,20,false
SYN-1867,role,true,true,R,R,20,false
SYN-1868,role,true,true,R,R,20,false
SYN-1869,role,true,true,R,R,20,false
SYN-1870,role,true,true,R,R,20,false
SYN-1871,role,true,true,R,R,20,false
SYN-1872,role,true,true,R,R,20,false
SYN-1873,role,true,true,R,R,20,false
SYN-1874,role,true,true,R,R,20,false
SYN-1875,role,true,true,R,R,20,false
SYN-1876,role,true,true,R,R,20,false
SYN-1877,role,true,true,R,R,20,false
SYN-1878,role,true,true,R,R,20,false
SYN-1879,role,true,true,R,R,20,false
SYN-1880,role,true,true,R,R,20,false
SYN-1881,role,true,true,R,R,20,false
SYN-1882,role,true,true,R,R,20,false
SYN-1883,role,true,true,R,R,20,false
SYN-1884,role,true,true,R,R,20,false
SYN-1885,role,true,true,R,R,20,false
SYN-1886,role,true,true,R,R,20,false
SYN-1887,role,true,true,R,R,20,false
SYN-1888,role,true,true,R,R,20,false
SYN-1889,role,true,true,R,R,20,false
SYN-1890,role,true,true,R,R,20,false
SYN-1891,role,true,true,R,R,20,false
SYN-1892,role,true,true,R,R,20,false
SYN-1893,role,true,true,R,R,20,false
SYN-1894,role,true,true,R,R,20,false
SYN-1895,role,true,true,R,R,20,false
SYN-1896,role,true,true,R,R,20,false
SYN-1897,role,true,true,R,R,20,false
SYN-1898,role,true,true,R,R,20,false
SYN-1899,role,true,true,R,R,20,false
SYN-1900,role,true,true,R,R,20,false
SYN-1901,role,true,true,R,R,20,false
SYN-1902,role,true,true,R,R,20,false
SYN-1903,role,true,true,R,R,20,false
SYN-1904,role,true,true,R,R,20,false
SYN-1905,role,true,true,R,R,20,false
SYN-1906,role,true,true,R,R,20,false
SYN-1907,role,true,true,R,R,20,false
SYN-1908,role,true,true,R,R,20,false
SYN-1909,role,true,true,R,R,20,false
SYN-1910,role,true,true,R,R,20,false
SYN-1911,role,true,true,R,R,20,false
SYN-1912,role,true,true,R,R,20,false
SYN-1913,role,true,true,R,R,20,false
SYN-1914,role,true,true,R,R,20,false
SYN-1915,role,true,true,R,R,20,false
SYN-1916,role,true,true,R,R,20,false
SYN-1917,role,true,true,R,R,20,false
SYN-1918,role,true,true,R,R,20,false
SYN-1919,role,true,true,R,R,20,false
SYN-1920,role,true,true,R,R,20,false
SYN-1921,role,true,true,R,R,20,false
SYN-1922,role,true,true,R,R,20,false
SYN-1923,role,true,true,R,R,20,false
SYN-1924,role,true,true,R,R,20,false
SYN-1925,role,true,true,R,R,20,false
SYN-1926,role,true,true,R,R,20,false
SYN-1927,role,true,true,R,R,20,false
SYN-1928,role,true,true,R,R,20,false
SYN-1929,role,true,true,R,R,20,false
SYN-1930,role,true,true,R,R,20,false
SYN-1931,role,true,true,R,R,20,false
SYN-1932,role,true,true,R,R,20,false
SYN-1933,role,true,true,R,R,20,false
SYN-1934,role,true,true,R,R,20,false
SYN-1935,role,true,true,R,R,20,false
SYN-1936,role,true,true,R,R,20,false
SYN-1937,role,true,true,R,R,20,false
SYN-1938,role,true,true,R,R,20,false
SYN-1939,role,true,true,R,R,20,false
SYN-1940,role,true,true,R,R,20,false
SYN-1941,role,true,true,R,R,20,false
SYN-1942,role,true,true,R,R,20,false
SYN-1943,role,true,true,R,R,20,false
SYN-1944,role,true,true,R,R,20,false
SYN-1945,role,true,true,R,R,20,false
SYN-1946,role,true,true,R,R,20,false
SYN-1947,role,true,true,R,R,20,false
SYN-1948,role,true,true,R,R,20,false
SYN-1949,role,true,true,R,R,20,false
SYN-1950,role,true,true,R,R,20,false
SYN-1951,device,true,true,A,A,20,false
SYN-1952,device,true,true,A,A,20,false
SYN-1953,device,true,true,A,A,20,false
SYN-1954,device,true,true,A,A,20,false
SYN-1955,device,true,true,A,A,20,false
SYN-1956,device,true,true,A,A,20,false
SYN-1957,device,true,true,A,A,20,false
SYN-1958,device,true,true,A,A,20,false
SYN-1959,device,true,true,A,A,20,false
SYN-1960,device,true,true,A,A,20,false
SYN-1961,device,true,true,A,A,20,false
SYN-1962,device,true,true,A,A,20,false
SYN-1963,device,true,true,A,A,20,false
SYN-1964,device,true,true,A,A,20,false
SYN-1965,device,true,true,A,A,20,false
SYN-1966,device,true,true,A,A,20,false
SYN-1967,device,true,true,A,A,20,false
SYN-1968,device,true,true,A,A,20,false
SYN-1969,device,true,true,A,A,20,false
SYN-1970,device,true,true,A,A,20,false
SYN-1971,device,true,true,A,A,20,false
SYN-1972,device,true,true,A,A,20,false
SYN-1973,device,true,true,A,A,20,false
SYN-1974,device,true,true,A,A,20,false
SYN-1975,device,true,true,A,A,20,false
SYN-1976,device,true,true,A,A,20,false
SYN-1977,device,true,true,A,A,20,false
SYN-1978,device,true,true,A,A,20,false
SYN-1979,device,true,true,A,A,20,false
SYN-1980,device,true,true,A,A,20,false
SYN-1981,device,true,true,A,A,20,false
SYN-1982,device,true,true,A,A,20,false
SYN-1983,device,true,true,A,A,20,false
SYN-1984,device,true,true,A,A,20,false
SYN-1985,device,true,true,A,A,20,false
SYN-1986,device,true,true,A,A,20,false
SYN-1987,device,true,true,A,A,20,false
SYN-1988,device,true,true,A,A,20,false
SYN-1989,device,true,true,A,A,20,false
SYN-1990,device,true,true,A,A,20,false
SYN-1991,device,true,true,A,A,20,false
SYN-1992,device,true,true,A,A,20,false
SYN-1993,device,true,true,A,A,20,false
SYN-1994,device,true,true,A,A,20,false
SYN-1995,device,true,true,A,A,20,false
SYN-1996,device,true,true,A,A,20,false
SYN-1997,device,true,true,A,A,20,false
SYN-1998,device,true,true,A,A,20,false
SYN-1999,device,true,true,A,A,20,false
SYN-2000,device,true,true,A,A,20,false
SYN-2001,device,true,true,A,A,20,false
SYN-2002,device,true,true,A,A,20,false
SYN-2003,device,true,true,A,A,20,false
SYN-2004,device,true,true,A,A,20,false
SYN-2005,device,true,true,A,A,20,false
SYN-2006,device,true,true,A,A,20,false
SYN-2007,device,true,true,A,A,20,false
SYN-2008,device,true,true,A,A,20,false
SYN-2009,device,true,true,A,A,20,false
SYN-2010,device,true,true,A,A,20,false
SYN-2011,device,true,true,A,A,20,false
SYN-2012,device,true,true,A,A,20,false
SYN-2013,device,true,true,A,A,20,false
SYN-2014,device,true,true,A,A,20,false
SYN-2015,device,true,true,A,A,20,false
SYN-2016,device,true,true,A,A,20,false
SYN-2017,device,true,true,A,A,20,false
SYN-2018,device,true,true,A,A,20,false
SYN-2019,device,true,true,A,A,20,false
SYN-2020,device,true,true,A,A,20,false
SYN-2021,device,true,true,A,A,20,false
SYN-2022,device,true,true,A,A,20,false
SYN-2023,device,true,true,A,A,20,false
SYN-2024,device,true,true,A,A,20,false
SYN-2025,device,true,true,A,A,20,false
SYN-2026,device,true,true,A,A,20,false
SYN-2027,device,true,true,A,A,20,false
SYN-2028,device,true,true,A,A,20,false
SYN-2029,device,true,true,A,A,20,false
SYN-2030,device,true,true,A,A,20,false
SYN-2031,device,true,true,A,A,20,false
SYN-2032,device,true,true,A,A,20,false
SYN-2033,device,true,true,A,A,20,false
SYN-2034,device,true,true,A,A,20,false
SYN-2035,device,true,true,A,A,20,false
SYN-2036,device,true,true,A,A,20,false
SYN-2037,device,true,true,A,A,20,false
SYN-2038,device,true,true,A,A,20,false
SYN-2039,device,true,true,A,A,20,false
SYN-2040,device,true,true,A,A,20,false
SYN-2041,device,true,true,A,A,20,false
SYN-2042,device,true,true,A,A,20,false
SYN-2043,device,true,true,A,A,20,false
SYN-2044,device,true,true,A,A,20,false
SYN-2045,device,true,true,A,A,20,false
SYN-2046,device,true,true,A,A,20,false
SYN-2047,device,true,true,A,A,20,false
SYN-2048,device,true,true,A,A,20,false
SYN-2049,device,true,true,A,A,20,false
SYN-2050,device,true,true,A,A,20,false
SYN-2051,weight,true,true,W,W,30,true
SYN-2052,weight,true,true,W,W,30,true
SYN-2053,weight,true,true,W,W,30,true
SYN-2054,weight,true,true,W,W,30,true
SYN-2055,weight,true,true,W,W,30,true
SYN-2056,weight,true,true,W,W,30,true
SYN-2057,weight,true,true,W,W,30,true
SYN-2058,weight,true,true,W,W,30,true
SYN-2059,weight,true,true,W,W,30,true
SYN-2060,weight,true,true,W,W,30,true
SYN-2061,weight,true,true,W,W,30,true
SYN-2062,weight,true,true,W,W,30,true
SYN-2063,weight,true,true,W,W,30,true
SYN-2064,weight,true,true,W,W,30,true
SYN-2065,weight,true,true,W,W,30,true
SYN-2066,weight,true,true,W,W,30,true
SYN-2067,weight,true,true,W,W,30,true
SYN-2068,weight,true,true,W,W,30,true
SYN-2069,weight,true,true,W,W,30,true
SYN-2070,weight,true,true,W,W,30,true
SYN-2071,weight,true,true,W,W,30,true
SYN-2072,weight,true,true,W,W,30,true
SYN-2073,weight,true,true,W,W,30,true
SYN-2074,weight,true,true,W,W,30,true
SYN-2075,weight,true,true,W,W,30,true
SYN-2076,weight,true,true,W,W,30,true
SYN-2077,weight,true,true,W,W,30,true
SYN-2078,weight,true,true,W,W,30,true
SYN-2079,weight,true,true,W,W,30,true
SYN-2080,weight,true,true,W,W,30,true
SYN-2081,weight,true,true,W,W,30,true
SYN-2082,weight,true,true,W,W,30,true
SYN-2083,weight,true,true,W,W,30,true
SYN-2084,weight,true,true,W,W,30,true
SYN-2085,weight,true,true,W,W,30,true
SYN-2086,weight,true,true,W,W,30,true
SYN-2087,weight,true,true,W,W,30,true
SYN-2088,weight,true,true,W,W,30,true
SYN-2089,weight,true,true,W,W,30,true
SYN-2090,weight,true,true,W,W,30,true
SYN-2091,weight,true,true,W,W,30,true
SYN-2092,weight,true,true,W,W,30,true
SYN-2093,weight,true,true,W,W,30,true
SYN-2094,weight,true,true,W,W,30,true
SYN-2095,weight,true,true,W,W,30,true
SYN-2096,weight,true,true,W,W,30,true
SYN-2097,weight,true,true,W,W,30,true
SYN-2098,weight,true,true,W,W,30,true
SYN-2099,weight,true,true,W,W,30,true
SYN-2100,weight,true,true,W,W,30,true
SYN-2101,weight,true,true,W,W,30,true
SYN-2102,weight,true,true,W,W,30,true
SYN-2103,weight,true,true,W,W,30,true
SYN-2104,weight,true,true,W,W,30,true
SYN-2105,weight,true,true,W,W,30,true
SYN-2106,weight,true,true,W,W,30,true
SYN-2107,weight,true,true,W,W,30,true
SYN-2108,weight,true,true,W,W,30,true
SYN-2109,weight,true,true,W,W,30,true
SYN-2110,weight,true,true,W,W,30,true
SYN-2111,weight,true,true,W,W,30,true
SYN-2112,weight,true,true,W,W,30,true
SYN-2113,weight,true,true,W,W,30,true
SYN-2114,weight,true,true,W,W,30,true
SYN-2115,weight,true,true,W,W,30,true
SYN-2116,weight,true,true,W,W,30,true
SYN-2117,weight,true,true,W,W,30,true
SYN-2118,weight,true,true,W,W,30,true
SYN-2119,weight,true,true,W,W,30,true
SYN-2120,weight,true,true,W,W,30,true
SYN-2121,weight,true,true,W,W,30,true
SYN-2122,weight,true,true,W,W,30,true
SYN-2123,weight,true,true,W,W,30,true
SYN-2124,weight,true,true,W,W,30,true
SYN-2125,weight,true,true,W,W,30,true
SYN-2126,weight,true,true,W,W,30,true
SYN-2127,weight,true,true,W,W,30,true
SYN-2128,weight,true,true,W,W,30,true
SYN-2129,weight,true,true,W,W,30,true
SYN-2130,weight,true,true,W,W,30,true
SYN-2131,weight,true,true,W,W,30,true
SYN-2132,weight,true,true,W,W,30,true
SYN-2133,weight,true,true,W,W,30,true
SYN-2134,weight,true,true,W,W,30,true
SYN-2135,weight,true,true,W,W,30,true
SYN-2136,weight,true,true,W,W,30,true
SYN-2137,weight,true,true,W,W,30,true
SYN-2138,weight,true,true,W,W,30,true
SYN-2139,weight,true,true,W,W,30,true
SYN-2140,weight,true,true,W,W,30,true
SYN-2141,weight,true,true,W,W,30,true
SYN-2142,weight,true,true,W,W,30,true
SYN-2143,weight,true,true,W,W,30,true
SYN-2144,weight,true,true,W,W,30,true
SYN-2145,weight,true,true,W,W,30,true
SYN-2146,weight,true,true,W,W,30,true
SYN-2147,weight,true,true,W,W,30,true
SYN-2148,weight,true,true,W,W,30,true
SYN-2149,weight,true,true,W,W,30,true
SYN-2150,weight,true,true,W,W,30,true
